bin_id,phase_center,bin_count,acc_W_x,acc_W_y,acc_W_z,acc_W_std_x,acc_W_std_y,acc_W_std_z,omega_W_x,omega_W_y,omega_W_z,omega_W_std_x,omega_W_std_y,omega_W_std_z,alpha_W_x,alpha_W_y,alpha_W_z,left_foot_z_mean,left_foot_z_std,right_foot_z_mean,right_foot_z_std,omega_W_raw_x,omega_W_raw_y,omega_W_raw_z
0,0.005,81,-0.5668570193635939,2.4429494033794206,-2.385544946313961,0.02701569307975333,0.30115642839136064,0.4855633122746685,-0.5990489321477849,0.018028906320911527,-0.058802978260721186,0.026022868078684234,0.009077187556310276,0.030498929960119023,-11.195366151472006,-2.238564937018075,-3.950493687488896,0.044751127911255954,0.001230761832968084,0.03687147880769486,0.0003171873211509417,-0.5760785707382752,0.025831087209543444,-0.042386782715564814
1,0.015,79,-0.4950700057687823,2.3456347745424155,-2.923996862965717,0.06859178780237787,0.40941804636022744,0.5478289225078546,-0.6891660820722929,0.002561883314109728,-0.08892178173085719,0.042292097457322105,0.008850666146812918,0.011318484576659646,-9.167393546830757,-1.2738434828012075,-2.2347275906325996,0.04061962179843005,0.0012466134328976508,0.038072708594240695,0.00040437111897222893,-0.6934563082860636,-0.003628270154115682,-0.11831136676426285
2,0.025,81,-0.5666138614295185,1.1674379407536422,-1.533612213862682,0.1690021457070261,0.29451882869246415,0.3538396979897143,-0.745727228897077,-0.002352589403907794,-0.09455861971084278,0.028833410085504496,0.006225124207275903,0.008168585676296605,-4.017870839618451,1.023968070080755,0.38185598836501866,0.036922375863905975,0.0009980707589019727,0.03954391724279046,0.0005042378881964732,-0.8157545791219232,-0.029508245987388777,-0.12603514825287032
3,0.035,80,-0.9355714800957337,-2.404321706933171,4.9533432267058775,0.18157126781741603,1.279172922371044,2.3146210072379207,-0.7534520155061881,0.018945372435401807,-0.08281208591701689,0.009634101530005556,0.01156927733257528,0.014471829046739418,2.319892872094172,3.861842427415938,1.3246268674038213,0.03399755189962238,0.0007380146247738082,0.0414996042911947,0.0006811363543383651,-0.8637362715740304,-0.023846394352525065,-0.1487159620275961
4,0.045,81,-0.9827880985294702,-4.368451493169374,7.687960812717029,0.6408098192967627,0.10802358599525703,2.7099051425233207,-0.7086089429435702,0.05943688943474722,-0.07336458983238164,0.041928834809236794,0.012261646397487672,0.05063664163641122,8.487133125015943,5.143380920489566,1.2941521779880871,0.032306341657057536,0.0003203945510382061,0.04402299757411725,0.0008422979872870616,-0.7796104147650921,0.019388876264947112,-0.03734383879391984
5,0.055,79,-1.465854465923543,-3.1428289707085515,2.15008942999128,0.40693709231736946,0.41303781517436716,0.19529577107495624,-0.617657885505933,0.10123946716323487,-0.06210565106920749,0.050221424228795504,0.04350663220546195,0.03335194255240121,12.434225056483754,4.525384859092793,2.281559684712717,0.031787313747043855,7.93352891582941e-05,0.04733134990511413,0.0011783305272262208,-0.6147025037838311,0.13232089640609143,0.016345886253564652
6,0.065,81,-0.5999742832874061,-2.8872770370416783,2.6123413994285967,0.1650261244782223,0.03650310295099406,0.11205177620535645,-0.5096613420398302,0.1318430471802319,-0.03685963487697817,0.03922760604977062,0.006971039729175029,0.014380032974263442,12.548707444950479,2.228490095291103,2.8504680178379522,0.03185781756646452,8.091339705622066e-05,0.051600663778143374,0.0013541140163700531,-0.4692409454729739,0.19882931484261135,-0.07107388634108654
7,0.075,81,-0.8163937203557753,-2.3689406011890144,1.003877126307097,0.34496081921330984,0.31371761515243435,1.204882195409897,-0.4168785663867254,0.13689530868789251,-0.016498162783800258,0.022694986733259908,0.010462488740308216,0.011430012695050892,9.798377040464704,-1.1413754581248463,2.047872896377607,0.032162551769661415,0.00011081654887884086,0.056036200432429975,0.0013307025833394922,-0.36099929193373737,0.17950464265504948,-0.06974045443699962
8,0.085,79,-0.6327032137791835,-2.013750187802632,0.9492142657965776,0.09990512743335768,0.030532588169613385,0.19700401523448371,-0.3528873093923949,0.11358103985023436,-0.004093668534936458,0.005567734503261756,0.02199958277387945,0.021321195959382845,6.306551844015161,-3.9539219105261276,1.5018030726029883,0.0325210048670211,0.00010857787555247476,0.060554344651106415,0.0013494737911677586,-0.32375355424351576,0.12917150573246008,-0.02248588106644951
9,0.095,80,-0.4991808762798472,-1.882736455340656,1.0375013961339135,0.12268541418656864,0.07908697301138481,0.634217076512708,-0.3159737368824828,0.07363255811947447,0.007530686377847557,0.0015252471675580043,0.028052947918977052,0.02959869258529106,3.215953175330983,-5.244240945114901,1.0949949324386294,0.032856412448127745,9.606290664864726e-05,0.06484005441570523,0.0012162203304588737,-0.3156965364995688,0.044650183803250275,0.06446352167196971
10,0.105,80,-0.43456891182707846,-0.8933147980651169,-0.0870038706110026,0.14462659870765487,0.2767757798696021,0.15369736009170853,-0.30143205858709915,0.02967318472839595,0.013426250384081613,0.008038465644609622,0.004506904341856376,0.030945842821014778,1.2301722290401946,-5.238129015285227,0.9719704695049557,0.0331441708909704,7.96761248529363e-05,0.06877181989752021,0.0011808892047125417,-0.29474621881217866,0.015749552217800552,0.0783683574978837
11,0.115,81,-0.1788576820374867,-0.7720547592299951,0.3215823998997922,0.027955159419437207,0.024680151999210836,0.08048994725784905,-0.2962909812178397,-0.010177506125089164,0.023082213889926848,0.0008510726734327286,0.010904609319076594,0.019235040095055427,0.4166398875847452,-4.303999150864315,1.1232141459256417,0.03338180440035223,6.510429438112601e-05,0.07254133634341117,0.0010694709506108922,-0.2846730829234135,-0.0009130938111880306,-0.012952111777166502
12,0.125,79,-0.0002085548845447107,-0.9982642659345461,0.3302167873830111,0.08148186938844887,0.16463923359894894,0.09606576644964074,-0.2947658203857432,-0.03919080168543309,0.03139767671889188,0.002752763482434938,0.010995868920577393,0.00958667149829614,0.08188295061653875,-3.2632002021963222,0.9574181578231755,0.03357035458943238,5.021862122189536e-05,0.07568636045756644,0.0008399668597600836,-0.28829090045681893,-0.04029222430034314,-0.04026263440582936
13,0.135,80,0.06971171114205679,-1.271946759884909,0.4428302878619716,0.0035682880590258916,0.02065477372934023,0.02387241544996813,-0.2949808540079751,-0.06238870936023032,0.03840090441509766,0.0029662681212323126,0.009053561918392771,0.026750684489341803,0.037380489134517664,-2.63146687066612,1.0764792772602108,0.03371542085486448,3.8648603199112905e-05,0.07816009897230643,0.0006686067387769108,-0.2980481673972188,-0.07008194853496548,0.025793936462776675
14,0.145,80,0.01644472150150925,-1.323419833886204,0.3559974903824285,0.1011215352103561,0.09162782738574854,0.14662585435468045,-0.29416773255959094,-0.08129427161609101,0.04862134515505526,0.0028578340701304445,0.009267648824222971,0.021611354355076655,0.26516503137848785,-1.9959913089816657,1.2236020415087923,0.03382513893255317,2.8902364186162237e-05,0.08000609057505485,0.00047928754059506546,-0.3080707323390861,-0.10041629399846932,0.10604083581679488
15,0.155,81,-0.010725163303286463,-0.9639995342947305,-0.004124299168664475,0.06991096814944943,0.1922182625206792,0.01738227111582946,-0.2907382135059193,-0.09432457030393697,0.057978537079238335,0.00722177403142472,0.0057170998438203875,0.023432609499325952,0.7269629668582717,-1.3889351295346704,0.7630988720940162,0.03390672631769051,2.1629620263340038e-05,0.08136677548102972,0.0004072187881555115,-0.29582138692333815,-0.10023998615618562,0.11338449597891256
16,0.165,79,0.0768330669967174,-0.8685394120828873,-0.0055951302736475545,0.012578372743370703,0.02848808487581011,0.01614868972768022,-0.2825363250898586,-0.10351723368864574,0.060830927108559515,0.003061757125607055,0.0022550996606066657,0.017581006065968737,1.3311434295019964,-0.9275720154525843,-0.07922077794993632,0.03396708248514223,1.6338908329951814e-05,0.08247983844381887,0.00032548756587028906,-0.28060747568149286,-0.0954409050904915,0.038150091922621476
17,0.175,80,0.1299347419912656,-1.086742522881881,0.12332390909054709,0.026467217030111595,0.14591540872402156,0.11200609718323987,-0.26943991863388733,-0.10916572255117832,0.056711004632039354,0.00344311166507556,0.003971338330592699,0.005592577024722304,1.8298364531963116,-0.5718789562552907,-0.5881157896654461,0.03401328247899512,1.3181602967311405e-05,0.08325035974448831,0.0002382747636749357,-0.2711433051884603,-0.10544371773957292,0.006523325215086019
18,0.185,80,0.18922857686649755,-1.3301342435051047,0.10656144287470351,0.010662182030580322,0.021190094017922816,0.057474000711334614,-0.2532589418387176,-0.11266729698873039,0.05142107447391238,0.0046512958671901345,0.003339369191148591,0.014702827406878729,2.1652698923286335,-0.31299815918492313,-0.41296685944227196,0.034049914061187445,1.0699922226340008e-05,0.08366021902205391,0.00017709600786764516,-0.2570387253169156,-0.11604526545850931,0.0400558866093826
19,0.195,82,0.1928924948521768,-1.3976142830779545,-0.07933556090604786,0.01916092344071928,0.09860309736057778,0.07222828351257446,-0.2347956003566292,-0.11417369309813709,0.050103534880963,0.004189777305654002,0.004246395984222316,0.012886541478312684,2.472678797918973,-0.017643461705057345,-0.05080828549304962,0.03407833618628752,8.7256326610932e-06,0.08375018570919215,0.00015685677735092035,-0.24258870005922964,-0.12865873831113228,0.08544122343419408
20,0.205,78,0.2302941762235748,-1.1475286617736753,-0.12407162174810928,0.019076640469011127,0.15285761169906087,0.05379322732848244,-0.21369608107201404,-0.1129495923760113,0.050608141906023585,0.00993463822497303,0.007262699947161759,0.01689641735511639,2.8536760131048844,0.30554985190818246,-0.21719246494777097,0.034098941084614476,6.4658088761183614e-06,0.08364943847546716,0.00015083435342529483,-0.21491650294748985,-0.1177478583439459,0.08693484518827772
21,0.215,81,0.2782115310114004,-1.0528389466382293,-0.2620566363469649,0.011269503905745607,0.022943520384321077,0.040327642474801,-0.18913678414695104,-0.10928489546760617,0.046628455441798666,0.006831395061573704,0.002462349261088504,0.013219189346343122,3.2289074220827834,0.5589105547791654,-0.8223397097883913,0.034113263218621515,5.6816898410464e-06,0.08349891888334454,0.00015413646756318568,-0.18829076827105046,-0.10297288563752503,0.031562393957874545
22,0.225,79,0.3229922204574162,-1.1912259207457279,-0.09342986928449522,0.021581604181006388,0.07715557473074616,0.18182885797253617,-0.1620335623186895,-0.10400702349954466,0.037450706549409324,0.008581454650779932,0.0013870835160299394,0.00328164305291192,3.4944755756255526,0.6863241751574253,-1.2134200499169003,0.034124854124750706,5.237455776046146e-06,0.08325204007466072,0.0001685638872577634,-0.1656457087653846,-0.09932321412894397,0.009046360340388988
23,0.235,82,0.3121314736255012,-1.2859961583995374,-0.16811950672889336,0.013420772954683826,0.01371219784422524,0.0668138814123383,-0.1332251749369422,-0.09830370866508736,0.02721373464312826,0.009187120640647485,0.0006996114058331289,0.005567129265632037,3.6888559441656947,0.7715438023150386,-1.0477964151711467,0.034132617416555565,4.664895665638816e-06,0.08288256436224405,0.00018317974255477863,-0.13424224069160065,-0.09772178091648359,0.020157454288258006
24,0.245,79,0.32847162719088113,-1.3477215519139996,-0.268224852763634,0.06987235995347713,0.07606642052425792,0.19659887567625486,-0.1030118672120384,-0.09166232266250404,0.020685963906670976,0.007216645724786016,0.0022720731639619034,0.006268030548111503,3.8250945310289994,0.934219139128745,-0.7235184792061709,0.0341396987474066,4.920857226249385e-06,0.08242232570413528,0.00018635986719817884,-0.10707259091792193,-0.10226937847082472,0.03955247897224736
25,0.255,80,0.42811043382661984,-1.1878401627362751,-0.07263783043460177,0.012148614343603504,0.11057547377913174,0.0841998329152966,-0.0720236624404782,-0.08335620243902744,0.015637438975829525,0.012431136997180191,0.007794040536918891,0.01169954344794281,3.9196154101678746,1.2038692829522646,-0.8303722889767805,0.03414730178783911,6.673687678926597e-06,0.08192826484813183,0.00017553404200156613,-0.07087456603875328,-0.08923128417165942,0.035749985656872374
26,0.265,80,0.4443007966790482,-1.099015960728208,-0.3042917218994633,0.009573928310552359,0.014794309375034136,0.06262872640891683,-0.04029802064935239,-0.07240041413526781,0.007400007283042487,0.008280517600988411,0.004326177975306739,0.00816491173794784,3.9563124735461606,1.5551726794179972,-1.2285804302376016,0.034157510916665454,9.052941285044869e-06,0.08146110448240548,0.0001660297679097911,-0.03722422964653147,-0.06976595562460848,-0.0010764597244118737
27,0.275,81,0.5070832276745277,-1.1368828124023964,-0.0148215242717848,0.03120629371779783,0.03924098192626269,0.2863609634383628,-0.008722662863739631,-0.05847343956833949,-0.004019847907972102,0.009931304915535335,0.0044396309805943895,0.0030201713963192525,3.906926347407649,1.762810509378021,-1.438661641327514,0.03417088795447934,9.948234822277295e-06,0.08098115686082374,0.000164258447202978,-0.010704684907583598,-0.057792613011560974,-0.01619626431381824
28,0.285,79,0.5107903154700675,-1.1675026638598804,-0.12661966406952693,0.00618341159780301,0.009464024413499333,0.09585873642661048,0.022212800909169994,-0.04419544598521947,-0.015618578978197737,0.00951541990235011,0.003983505573511327,0.0013015645684277316,3.855576243127012,1.7773785626804564,-1.3088616631173506,0.03418713372369069,1.0041608025620823e-05,0.08046518473689922,0.00016934603810027217,0.024385968264028363,-0.04294283939768543,-0.02102970417567719
29,0.295,77,0.510288447458135,-1.180333963924882,-0.2718881683748245,0.0490966605424073,0.030194803791921906,0.2859205161123527,0.05296655702629256,-0.030035382565452188,-0.02496163451784971,0.0064481602067779364,0.0026418976422562823,0.0026846024955510194,3.8185109908851853,1.8246601737884038,-1.1698658599739504,0.03420481867797343,1.030525594877662e-05,0.0799316149196459,0.00016446503962342233,0.05080419801014183,-0.03263450563618313,-0.01754679698282558
30,0.305,80,0.572560623503555,-1.0838580736329813,0.10713856300417948,0.01854734807809167,0.07281552862854349,0.14645484743954407,0.08330897676333296,-0.015000883204605006,-0.03433643273778095,0.012640421635636574,0.00646369473776614,0.007242510327666836,3.7779522046510525,1.8876413132231693,-1.211669511702969,0.034223956787652915,1.0580372510095971e-05,0.07938070575907609,0.00017701151329427696,0.08380275282579483,-0.01784131625605933,-0.0222436696942558
31,0.315,80,0.552509016482513,-1.0060461775660359,-0.2975628525199732,0.00426569447921279,0.003521096331934523,0.10524053721046808,0.1134137923007094,0.00016687844611852198,-0.044348346705097214,0.007959243329663544,0.005604895491411536,0.006809728607497541,3.749269061550594,1.9792978112485644,-1.3365711026895455,0.03424450252685213,1.1038158438126295e-05,0.07879484589604484,0.0001790120159494803,0.11654455093908138,0.0010343614742279205,-0.04779173742267174
32,0.325,82,0.641890136086605,-1.036274738425893,0.061891519416441686,0.06289122801003753,0.015410296194798705,0.4198112658747747,0.14329728174814246,0.016667881775372026,-0.05572157038081368,0.009574584080589591,0.004969031998569753,0.003089308159421099,3.6750053807627157,2.058037912948616,-1.4342291320571243,0.03426885256131813,1.1890581743060008e-05,0.07820583981263378,0.00018894932356150931,0.14100741377761836,0.017379883792674935,-0.06307025541347443
33,0.335,79,0.6324149393968997,-1.0667685418536867,-0.1108182041175725,0.014839098961300251,0.009427946214375973,0.14848074202635705,0.17221387839291286,0.033095485053296375,-0.0672960128180112,0.00940222209361813,0.005205830159959866,0.002070436755338412,3.559531134919828,2.0214835186386537,-1.3126970778455826,0.03429601437081764,1.2902616135220368e-05,0.07754914079545581,0.00021450744785137405,0.17491004595091056,0.03289596885593221,-0.07108927401225852
34,0.345,80,0.6248923329409329,-1.0780660413184875,-0.3263453722864452,0.06401161228772138,0.026468538026172383,0.39585079190498146,0.20024977990685972,0.04901161807359049,-0.076724723626343,0.006243357503312309,0.00551327626575391,0.0007042748339713782,3.444191137172165,2.0091625751651336,-1.1169909045397373,0.03432934236822553,1.4852983451138372e-05,0.0768547814986041,0.0002185782769809948,0.20022164524730718,0.04987051101008439,-0.07441291536140791
35,0.355,80,0.7123335773057234,-1.0122775574951066,0.13679898093741855,0.029033523571718622,0.0042420418287588135,0.21960307159289383,0.2273209365876675,0.06524208625593851,-0.085167867290647,0.010534788033321606,0.004212334230525663,0.004236387833340854,3.2843432625367823,1.9516265847285457,-1.0427978751568243,0.03436751732704398,1.686928318435729e-05,0.07612108368912604,0.0002596241160047784,0.2283857360496468,0.06429670013356242,-0.08011588188024342
36,0.365,82,0.6504352227801323,-1.0185443813482624,-0.4575662147295379,0.009607969847930633,0.005028094035346298,0.14634205888312765,0.25279927210744824,0.08023764342924722,-0.09340948962885219,0.007009368227684728,0.006027950128889908,0.004364842481084781,3.1290988720586927,1.8815459239337429,-1.0570573408028165,0.0344119251735114,1.9342109855625128e-05,0.07526707928155586,0.000281568554193311,0.25672405850881563,0.0806150265756985,-0.09493529146433068
37,0.375,78,0.6990970921237862,-0.9567222719419383,-0.05977075913918211,0.04727171158655148,0.06285114226134596,0.4900973565688617,0.2773865185406066,0.0953468210388784,-0.10208078474349207,0.00694872577996184,0.0038383726404680363,0.00196263667031265,2.964177632890388,1.807216813296028,-1.0442134699010186,0.03446262772180913,2.0505524321829468e-05,0.07440634999034591,0.0002828762086527552,0.2763631971816572,0.09853222470441499,-0.10528597373499445
38,0.385,81,0.6501779013935459,-1.0166520622363282,-0.4254140780980612,0.015211589302192161,0.026945805763472077,0.20986553085297607,0.30022611423369444,0.10915311244198367,-0.11011690514726849,0.007727880284510158,0.004088394741297043,0.00229497188936129,2.7941898184656,1.6141972605585526,-0.9225021653909643,0.03451870594067736,2.213824399316414e-05,0.07338497921114459,0.00035560730824751077,0.30230172354981427,0.10787375472247576,-0.11229738570328447
39,0.395,79,0.6274762227913442,-1.0343821973603013,-0.7434035581175681,0.02826681103210467,0.10836162377885082,0.4554649811160279,0.3220935556360562,0.12117397720781524,-0.1168408193897475,0.005076601317089695,0.006737121952587071,0.0008326622322421421,2.728576698189003,1.4581781609075104,-0.7735361100257403,0.03457947652100719,2.3301970945237794e-05,0.07225386463568492,0.00035536936555315905,0.323157877413099,0.1254163990582403,-0.11776939093460734
40,0.405,82,0.6013031690686176,-0.9192517769715831,-0.3825113347182935,0.038698391859545885,0.06261518674640987,0.3279563333873485,0.3438833414047185,0.13248396301650384,-0.12249348290768033,0.0073268919927729345,0.0012271545830161922,0.0019865479874910373,2.655739056350855,1.2316854639072812,-0.5128307742440115,0.03464349897872915,2.4607137677863925e-05,0.07100506326364155,0.0004566302231978549,0.3425837145150861,0.1333281571490887,-0.12029648389912549
41,0.415,78,0.5257856106063724,-1.0652336968914957,-1.1948017866010499,0.01758565545482582,0.030641814204871966,0.17903619753816866,0.36458538053766987,0.14088094463033174,-0.12504611177765168,0.006720507417062737,0.004721232011827597,0.002609724600635337,2.7119545176853173,0.9352661326394052,-0.21107550527088223,0.03471022315321209,2.4158765103732443e-05,0.06948472559552266,0.00048210970216059723,0.36606126552062446,0.14071935040485645,-0.1285548626767257
42,0.425,81,0.4467078209741151,-0.8973623577757365,-0.8562259951947941,0.04777509434029881,0.19229601242098118,0.5290386599650254,0.38727461368768357,0.14744822113873432,-0.12587069099201445,0.004765930141489306,0.0036855870802494917,0.0013065100937847262,2.9444166356023675,0.6078820117475305,0.09548547655205494,0.03477924243837512,2.561876625230877e-05,0.06789116450556897,0.0005369803254060073,0.38531212602496856,0.15508215374785803,-0.13354929132465862
43,0.435,79,0.3051384187439904,-1.122210945684554,-1.4861987943322321,0.028538312897709337,0.07446064229457713,0.2678437629607048,0.41169604670730775,0.15060705681829223,-0.1235183441528188,0.00832417564254343,0.0010153770338719597,0.002941947378922339,3.4016821409674596,0.10102786294368012,0.8163742295430043,0.03485952103485717,3.019236238220918e-05,0.0659133114950308,0.0006716750990636464,0.4058119192145712,0.14985866279161528,-0.12506053005314122
44,0.445,82,0.21659854046984225,-1.1744132374383214,-1.7325281915255768,0.07305250848065206,0.18876088908551217,0.7425170376409596,0.4417015279431629,0.1490646669458332,-0.11280870331932638,0.010377668183454631,0.005005902390735194,0.0010240077566279798,4.310507901043953,-0.5041655230158694,1.631159564124458,0.03495034633118424,3.433024115009118e-05,0.06367144444009143,0.000714042369579304,0.43660404316316725,0.1582527816002531,-0.12189228700642121
45,0.455,78,-0.01173296882991987,-1.3385750095529738,-1.1569983107962352,0.03525183100037088,0.2193997563056848,0.4512398229849997,0.480664173124011,0.14254040845003832,-0.09741979112682747,0.010730483250965987,0.00786681519935873,0.01095692203692405,5.402147303926737,-1.3091830784363914,2.4480694553425932,0.03510014985478596,7.409385451058174e-05,0.06116323858584501,0.0008658250953880975,0.4646908796132072,0.14912233554687832,-0.1085347497031472
46,0.465,81,-0.06738410086326,-1.7472961416598365,-2.214598767868356,0.009410215926954247,0.06404792683584738,0.1962500904808367,0.5281358848059907,0.12811773769085094,-0.07363959203384489,0.02015082594638789,0.002383393641731845,0.008353333307385621,6.936914029234874,-2.371236149047195,3.1404529048993868,0.03540276338074996,0.00011979929077008383,0.05811107312130901,0.0009921634057957647,0.5160886716999,0.13300740104256126,-0.07500665850926364
47,0.475,79,-0.286981408271692,-1.6703417192705172,-1.4213986183563916,0.157356391169073,0.27006304275639825,0.8453229194857993,0.591654797591769,0.1046006300652832,-0.04717254464843728,0.015856710143247025,0.010542240652193892,0.008578581019414376,8.602008466919095,-3.4722564371561697,3.7226894848749295,0.03582634280596702,0.00017069742899750474,0.05487196343095239,0.0010471065701018576,0.5801253519292091,0.12246086126888364,-0.05660473036216402
48,0.485,82,-0.39781940745240296,-2.1350859142522016,-2.292775134299448,0.02191569637420263,0.07667392997107678,0.36914598935106224,0.6657680202766962,0.07256163469635223,-0.014076560275846015,0.029051314799967434,0.013585806098419601,0.015489713302891854,9.44650850508455,-4.471801530439426,4.911758268507427,0.03652011218211525,0.0002836072030293044,0.05099673474823157,0.0013145375912178823,0.6431704776244701,0.07774530899567833,-0.0061595345882283535
49,0.495,79,-0.4981426126964469,-2.0873938489235777,-2.9767837747796926,0.26190293979214313,0.18228138869138247,0.09818416289355361,0.7427989336731218,0.03305180557825238,0.031415587647681556,0.037822529603296136,0.009773528404904563,0.004510564432717586,8.892182738998686,-5.19775760361125,5.65184882420483,0.03748148834222773,0.0003442355732766784,0.046749652686150944,0.0012746778207662266,0.7541986070920582,0.04066724347241446,0.010442949920616876
50,0.505,80,-1.0223603825692942,-2.2455206687177873,-3.475039118912933,0.11984460263329928,0.43150059926351303,0.6502670275093299,0.8080429441006752,-0.010602486961427786,0.07635302091143127,0.022204157780840266,0.022063543258432166,0.039720010027692265,5.729280911068092,-4.078359139003846,3.7809713071491307,0.038706041162348895,0.0004762141004200857,0.042372525912767314,0.001454689687931752,0.8352569930378436,-0.0110726412977766,0.056945172159809064
51,0.515,79,-0.9839231050662496,-0.590036188980161,-0.6136772317408928,0.14188271747027004,0.39207690909016,0.7771291481817861,0.8344674282502113,-0.032201940645809154,0.09191112856206765,0.01362747024592849,0.011728705220940041,0.013956411228860295,-0.5485471923756188,-1.8299961980086104,-0.2627259556589635,0.040339179336306936,0.0005926062752213045,0.03789999543469609,0.0012365899447755295,0.9012432386820277,-0.06454174454793789,0.15245408110837422
52,0.525,82,-1.2047077367286911,2.3790359431345625,3.191872246522783,0.5004447687883625,2.343079999823316,3.322116599388747,0.7992661890226653,-0.03988242612956555,0.07214940562088785,0.016220986241869847,0.01211206694884665,0.003753524439577467,-7.148253301181878,0.39380545894970476,-3.2967132827673327,0.04229975568440512,0.0007179262140991093,0.03441894408950508,0.0009563909965117083,0.9063454040669767,-0.09581060142951724,0.16808243595658454
53,0.535,80,-1.0696089322165516,5.315900823518331,8.169606423423227,0.3133953167694424,0.15038234134049774,0.23438322713265627,0.7200953754313012,-0.02590105330261388,0.03916371603779033,0.056178874531295095,0.020416850721479918,0.052494355327422366,-11.508793016475394,2.759229323868139,-3.7397755074082846,0.04472490378583422,0.0008594137389522316,0.03228713158020155,0.0004217048077616389,0.7752928983721497,-0.03025195942622847,0.07163100366495351
54,0.545,79,-0.5383819044735908,4.39398745242198,6.956250564912823,0.5316301442736806,0.5011281419563158,2.2425216747208876,0.615125500759059,0.0042652430523246725,0.012312997502355304,0.06011234673579644,0.0026952459609197264,0.04172166350037837,-13.780182821602086,3.930186707667516,-2.9779445340533512,0.04755406473984921,0.0009479218429947991,0.03158734417143837,0.00013536968264606818,0.578192410954329,0.0022648160536324676,-0.08836566478528204
55,0.555,80,-1.0171184230210866,2.0723416041460636,2.2716593390622624,0.2706892985177678,0.44757883511155255,0.11055046896680981,0.4996124502856678,0.03698193402006638,-0.008483396507063293,0.024379753969766185,0.023364478462769595,0.04111529481526614,-13.185320174204522,3.123112709968225,-1.8802339862886563,0.05079491840149288,0.0011461807743123602,0.031587391749855705,9.370175934052206e-05,0.4394029250810226,0.058834222836981774,-0.10798327575567859
56,0.565,81,-0.5325401257295115,1.734371810938948,2.5258882654643626,0.071517404175323,0.04048723128044124,0.03904818847160248,0.40416037797178667,0.05423504641181628,-0.017770746278263198,0.016403170226372426,0.0033102956973068746,0.027135130377148937,-9.699239159004911,1.4033513782905076,-0.00870162563226882,0.05445673193052907,0.0011612207587778061,0.03188085576344016,0.0001185479880576819,0.3763938653208168,0.08628973722675483,0.018200488431199147
57,0.575,80,-0.5759739609744067,1.556215397635863,1.075076425019866,0.10064062121700508,0.10886525153051826,0.9913722895736108,0.3444246237415892,0.0594355560727145,-0.008622622517179594,0.012196103618348376,0.0049830550683396535,0.006290035117849241,-6.259501029218791,-0.27974412969346796,1.1642567295782842,0.0578721205076708,0.001042163837560697,0.03226666364087584,0.0001197824975895914,0.3287801517000206,0.06777285340919129,0.06410046590949152
58,0.585,77,-0.49994617266159175,1.5152291366979502,0.9276485577355041,0.048192863233612264,0.02951714665281895,0.1049152411487503,0.304008361504286,0.04975914033672079,0.0008573613949893512,0.006885735472053393,0.006510929583549196,0.019249307926754687,-4.830775419010201,-1.8896404130678854,0.24074153357779657,0.06105059650575726,0.0009541069212410811,0.032637934352182145,0.00010885743143428221,0.2980325368027445,0.05601360253252103,0.025194254808954007
59,0.595,80,-0.46125546355537905,1.4793991956009296,0.9259217636279666,0.19316253008953974,0.06041255264725633,0.3294607510560871,0.267132217037426,0.029201309463628335,-0.004770757979934849,0.004706211980813722,0.01016222923643418,0.02123462212572733,-4.358622118174228,-2.7985960573540707,-1.0811517485848956,0.06388289475060242,0.000822177173234558,0.03296497285026507,9.638825797830431e-05,0.2795136398033414,0.028267364358123565,-0.042625045979864044
60,0.605,81,-0.6296784577398485,1.0942298498095318,0.2231806604736015,0.1312902794721984,0.19322328035521877,0.05387324950432137,0.23427040761349835,0.004981603419055656,-0.01644106658236898,0.017989174007407162,0.00488160942915522,0.01701953343201208,-3.8121549175464207,-3.0982691173582437,-1.2308284761625152,0.0664276814854738,0.0007748806942847385,0.03324045703118799,7.802604579627701e-05,0.23732161389450682,0.010452144157013269,-0.06058335619483387
61,0.615,80,-0.42795889124469033,0.9578244011056117,0.31149255966694367,0.02568507489687842,0.010228516058191858,0.012219681870974037,0.20613773835668328,-0.02037099641410356,-0.024464013598535093,0.010703680172937288,0.011407866025901253,0.010699947035202932,-3.2749872560241777,-3.039642543639539,-0.5613352119770629,0.06882617230597751,0.0006797761008164908,0.03346029124675133,6.058514503855489e-05,0.19201314298651667,-0.016499417138707468,-0.009940108443421861
62,0.625,80,-0.2701369647983718,0.9600686612041558,0.20455942192244053,0.08821727851233843,0.018363221702651422,0.04633465151060368,0.1818706115171115,-0.043652677279176974,-0.025422429974001987,0.0053119937581927665,0.008319877526322544,0.0030597577366781718,-2.776691512891444,-2.759554470196957,0.053534375785784696,0.0708312552531178,0.0005415637062810203,0.033630493581081604,4.725187261200023e-05,0.16447110458038233,-0.053325676813672104,0.005748922897320879
63,0.635,79,-0.1432123593949416,0.9890756277206402,0.14383809254347998,0.020637332594748058,0.010755338921063886,0.042879938041641835,0.16171067415042018,-0.06452386793725487,-0.023607463585962538,0.0006385198620837372,0.005142572735005478,0.009388687561421477,-2.303460789711437,-2.362102741964425,0.02654213242210589,0.07242855626946906,0.0004319369735647171,0.033761217409298085,3.536171670932037e-05,0.15736919051866913,-0.07074939663327505,-0.014920480271876558
64,0.645,81,-0.10876782037897366,1.0092300452075245,-0.01119120234116205,0.0530831788487372,0.09866651713977505,0.03763266998616558,0.14501523888172851,-0.08144632115060778,-0.024997755855248292,0.001015865838062363,0.005695265713018601,0.010248964083925968,-1.9467772674062467,-1.7853112452781028,-0.19387744457842732,0.07365202326761318,0.0003144516602556973,0.033860819028313276,2.764790777399645e-05,0.15817800560548254,-0.08814103996724348,-0.04741712785719851
65,0.655,81,-0.1273198595423905,0.9518918365170622,-0.14996596230295495,0.04693163871053227,0.11236955514137843,0.04399833723915502,0.13056223787192023,-0.09308884786170452,-0.026709502699217375,0.011406231554795511,0.002077262092689048,0.01096065896508836,-1.8254105854334635,-1.1777840827971375,0.023743146051488508,0.07458005464284367,0.00026402675537711757,0.03393764848440971,2.0537425973173422e-05,0.13652192706105007,-0.09390380913337623,-0.05150852425463663
66,0.665,79,-0.0324238108834932,0.8579908884659424,-0.28027797243826846,0.0187645807324798,0.004589647591902726,0.0426623534995319,0.1158086695147931,-0.10029086647536198,-0.024617865518424476,0.006338098549871903,0.0038665917633021263,0.008010105285115615,-1.8844717777645104,-0.6558379247431616,0.530728737149081,0.07536564299301046,0.000207477397831551,0.03399468586254988,1.5422141999797834e-05,0.1085359666430584,-0.10111168320547198,-0.016891569789850628
67,0.675,80,0.07420293733301427,0.884348613053841,-0.26130118365163285,0.05687823939354943,0.02119559635407993,0.08556215163939446,0.10041068942768806,-0.1035822546575951,-0.01821784290483208,0.00383582338199512,0.0026063156231891688,0.001678628765608526,-1.8919552507732404,-0.2921735432355726,0.8606138118015405,0.0759350047026652,0.00014381152636570122,0.034038702608899594,1.2097523211824289e-05,0.09220609953134092,-0.11153831036915576,-0.00280981132252452
68,0.685,80,0.13368695302563377,0.9053399655551336,-0.2955792407951715,0.006546476672658715,0.0053853090556375514,0.03802281732958208,0.08553738550242125,-0.10496564316713114,-0.010848044529599827,0.0016837674288714105,0.0020965633668951324,0.002118591128312979,-1.7913462649815775,-0.09174373174322681,0.7674183403362871,0.07633078204972367,9.986796327813595e-05,0.034072387971854454,8.963698314034653e-06,0.08360134873303357,-0.10675948970156239,-0.004462294367912085
69,0.695,81,0.1316401260066271,0.9805882213855162,-0.35951998602933594,0.04884557202032253,0.11544737373788058,0.12972019246679214,0.07174914918798282,-0.10505015436548673,-0.005939149459451484,0.0002509082681562644,0.0015365390733456292,0.004774689974375427,-1.696548666949093,0.09121619859629118,0.5265140507525556,0.07656133218282171,5.109691036729258e-05,0.034097716197441515,6.811868140328836e-06,0.08118810516995734,-0.10459798087840916,-0.015417014789236521
70,0.705,79,0.08882900347312554,0.9901466956161636,-0.21380649791344697,0.02979489593017643,0.08336193213497872,0.06036942735590508,0.05839260683123576,-0.10350618398959048,-0.0024238197175589374,0.009331173308241292,0.00209229971630725,0.007759440738174361,-1.7499450962910907,0.2650264746724834,0.4964238101270559,0.0766714988523472,4.4801058391874425e-05,0.034115849300474885,4.397207013660683e-06,0.062155407434716,-0.10082075168105643,-0.014659532378475377
71,0.715,80,0.1655640527502501,0.912614339646329,-0.379379655044909,0.017062355495759712,0.006567592951477718,0.04795097639130346,0.04375002764732537,-0.100809730770727,0.002003631502581411,0.005039340745427474,0.0019600601089046397,0.00457275886463782,-1.8780664464572256,0.3956972577125314,0.6117690897738131,0.07676481893714984,3.4457435127231344e-05,0.03412824272946529,3.423725917037593e-06,0.03959478507086627,-0.10153423919724991,0.0076529055608910825
72,0.725,80,0.1952106347644723,0.9662673097304391,-0.23134445199681392,0.014383922133353782,0.05426253925142481,0.18497673031601045,0.02834354368792015,-0.09717502786618998,0.00736448571882207,0.004931325936519961,0.00315767593920262,0.0008755375906669473,-1.9048382351692523,0.49739195196221286,0.7056140157518732,0.07678547343265696,2.3887564190591242e-05,0.03413891323738175,3.0573318676440453e-06,0.025423387747605615,-0.10381845848967446,0.014766837386938209
73,0.735,81,0.24594088084048374,0.9486296530931746,-0.2520380977566359,0.010280043956623117,0.007735045288587814,0.052707556989668135,0.013272615884617332,-0.09285145953933159,0.013293455754611383,0.003357009223145675,0.0033383428189588935,0.0006589179504203137,-1.824919578204979,0.5975341720269216,0.6880340890484778,0.07676810009938347,2.1669634828236273e-05,0.03414791357154267,2.5573604771897442e-06,0.010388452813481589,-0.093277223607245,0.01767496173278966
74,0.745,79,0.2502303891357915,0.9783881244864702,-0.32381206905691257,0.04350046291721291,0.08289325977801754,0.18449587082307256,-0.0008551695633595138,-0.08761448111375923,0.018373031143597715,0.0006820142067847189,0.002021604362730402,0.0034441720958438295,-1.7106489565113734,0.717840638027131,0.5599092753769893,0.0767055475896375,3.348104966813743e-05,0.034156393729194476,2.625665361478227e-06,0.004155685372931274,-0.08642446635572403,0.011387256291966772
75,0.755,80,0.1992845943888128,0.970712670255122,-0.08090666690100998,0.02250021813183371,0.0699104776638407,0.08340424568189173,-0.014097767419564644,-0.08136600933089749,0.022252004160643213,0.008234436751924932,0.0027008139693118927,0.006990954135981093,-1.6916577675005366,0.7934539398767818,0.5525344435868395,0.0766081968094676,2.749951824125054e-05,0.03416434207930023,2.1410951813130552e-06,-0.013199231581798098,-0.07920291004676451,0.014985317800471179
76,0.765,81,0.2557115309069779,0.9078586583067335,-0.31023042479849344,0.01004646114303069,0.006658266570202,0.06245922218146943,-0.027921693843368102,-0.07491921807573072,0.027213582240987147,0.003211319869447855,0.0014676022659719274,0.0028794005842984506,-1.7283799675334617,0.8232527821788859,0.6779291754284347,0.07653157054245821,2.7047810633705896e-05,0.034171685979384324,2.4339222618048883e-06,-0.031044142169017942,-0.07534934706938815,0.033050782505822746
77,0.775,81,0.26412373598641725,0.9852317977255769,-0.08361763538617202,0.004417478785392387,0.061312195294652046,0.25339818697848054,-0.04175184690010003,-0.06819396481603532,0.03309887096749817,0.00556312980779988,0.0035235091737471505,0.0015876932964476215,-1.7262878116795546,0.8624922271213429,0.7185422271410568,0.07642571772793559,3.5757622330340517e-05,0.03418056842249764,2.7998142035196575e-06,-0.04078960153342004,-0.07257609957536576,0.034161702472165704
78,0.785,80,0.2876359754225296,0.9403103359444023,-0.15705109900353081,0.005834869090315635,0.006772401371365288,0.07602136814313408,-0.05554229883024098,-0.06111934244178924,0.038710257875244056,0.0037227762814336113,0.0034724276424371765,0.0022051388852786444,-1.7115737394721693,0.9322598636265239,0.6671583725449984,0.0763133498016795,3.341408436667339e-05,0.034189728434154805,2.8354251956208176e-06,-0.058731179305535675,-0.06104326733141115,0.042482852134509315
79,0.795,79,0.28877831202307896,0.9760784708795003,-0.25448709436074674,0.010223402264775935,0.08281384268180546,0.26103428791076844,-0.06913702673165474,-0.053277806998010935,0.04377340492821814,0.0004757889858944502,0.0024455338279418394,0.0026190778320356652,-1.6813073021910663,1.0253089007521825,0.6550917636649364,0.07618361732324357,4.533802278644659e-05,0.034200084200142575,3.4096369151780155e-06,-0.06499507991072839,-0.052798200057247065,0.040813699924521864
80,0.805,81,0.2709500632872102,0.9884280404758872,0.04970169272685432,0.0023682161545023825,0.0645609077169237,0.12342354554325978,-0.08244321566529804,-0.04471440002975432,0.04919172609388304,0.008103440783045682,0.0032285304257978023,0.005147392804595579,-1.6599944764611045,1.0430405732032872,0.6838456764543844,0.07601929933603163,5.188951940493311e-05,0.03421148028427995,3.420326310692859e-06,-0.0821514912325028,-0.043829798175534035,0.04304225233920063
81,0.815,80,0.2761691126794589,0.9056179750871204,-0.2867336335767524,0.0007328422649178878,0.00791520017762427,0.08592820154859925,-0.09569693835503242,-0.03658915782675834,0.054714935751488294,0.0026639643130903427,0.0022369753463991732,0.002906404953510706,-1.6612707435053564,1.0281309038111157,0.7306810033750883,0.07583567768454044,5.9675301976657425e-05,0.03422388704321909,4.1242199512706155e-06,-0.09901778167608674,-0.03614166985049667,0.05836651777069322
82,0.825,81,0.300235566273412,0.9741856429859709,0.0012608835845143264,0.021195146207826376,0.05219927876038235,0.3295459039610041,-0.10902354756138374,-0.028264305568776467,0.06088262214788445,0.005422869059975511,0.0028841791146165855,0.0014964797025185642,-1.6308705918534174,1.0032005763071898,0.771348387223471,0.07561447759402798,7.554188829150729e-05,0.03423917357736752,4.928752052008688e-06,-0.10732054620163653,-0.02975906473408267,0.06125330830049018
83,0.835,78,0.2992992751582881,0.9350736187320237,-0.16248614464849667,0.004831588970721752,0.006433365647849956,0.1133619796918525,-0.1217908678246871,-0.020537948605843303,0.06705650994706383,0.003742332542522116,0.0030478570642077417,0.0026725948609248322,-1.5883474014893941,0.9455741829984778,0.7042603875046212,0.0753320979572323,9.341264005302505e-05,0.03425611803176229,5.39349564751797e-06,-0.12499979275420756,-0.020417056316431228,0.07009890042253554
84,0.845,81,0.29217782824138905,0.9623225867816194,-0.3069011432193608,0.04726504128819881,0.033450530090609006,0.35883510854893147,-0.13443710598521405,-0.013135118640800822,0.07215078834795839,0.0006127676827627743,0.0029237517613078167,0.0016508441376038155,-1.5880010730006613,0.943241553654906,0.6041241371752236,0.07499798364313891,0.0001094425336687285,0.034276193158947636,6.783751328341413e-06,-0.1316281259424851,-0.01117393876733772,0.07165213190650269
85,0.855,80,0.3269441743821948,0.968258324553935,0.03493508599678095,0.03071155595270961,0.022004881103496753,0.19414036457304262,-0.14719888499269768,-0.005446083747364806,0.07672249614186741,0.006832560289742187,0.001470583945594433,0.003530300918905346,-1.5894545757760818,0.8959834850612551,0.4943240454131862,0.07457095583161275,0.00015419767127039906,0.03429928318269878,7.103577929407911e-06,-0.1459880925490195,-0.005198013360868214,0.07391169133509748
86,0.865,81,0.2699027140780256,0.9668412051016758,-0.4905510865073229,0.0111829191003166,0.01269545366576746,0.12963835949564298,-0.15986837919763136,0.0012006171201792615,0.08005997307456937,0.003224372638201275,0.002598464764845044,0.0016825330423718623,-1.6673798748806212,0.8811914612911473,0.36503523473302174,0.07400149064544792,0.00018601026689476143,0.0343243396792184,8.136345586405899e-06,-0.16224897247872155,0.0008724799747157319,0.08383790977516602
87,0.875,78,0.3497888189755627,0.9493360317393401,-0.09037043699045476,0.0727294018549345,0.027805828409745232,0.4619506022108789,-0.17387696299078761,0.008652979633293551,0.08256305989759576,0.004216691141656909,0.0016493859368664674,0.0008961039257687098,-1.7404083105823798,0.9108914054954024,0.23758542922434467,0.07335907565752683,0.00021354219852034133,0.03435210876105516,8.52390996140873e-06,-0.17112944123905452,0.008686109733097396,0.08411184727003529
88,0.885,81,0.3083214819995241,1.0108502358917237,-0.4285895358178994,0.021883004231056123,0.02547904464990329,0.19095494687845477,-0.18771491216694944,0.0157748796081057,0.08386133994215889,0.00507017298925461,0.0027164972474698137,0.0006533033206834213,-1.7553331375388133,0.8989865088020884,0.05559551120966344,0.07249824443899397,0.00030061296727925676,0.03438127339024909,9.510017623152412e-06,-0.18834726377887615,0.012816448021289114,0.08678628508604536
89,0.895,80,0.29319948858609657,1.0350492627803298,-0.6683086640172468,0.07078273013619939,0.06914338568765051,0.4845813695501804,-0.20196229319140863,0.023036763774126966,0.08345258807695037,0.0029286121494788387,0.005276099849843279,0.002020772184421111,-1.8571288302181004,0.9803204603967334,-0.08148284434707653,0.0714707266851283,0.0003138266015431218,0.03441464066707731,1.0864866276714067e-05,-0.2016710449082663,0.026087873798233723,0.08416756602163464
90,0.905,81,0.33600860542926403,0.9897295442073424,-0.2912406077323731,0.045164725500665685,0.0486759366229942,0.2934676437368575,-0.21742897345043904,0.03146000697445343,0.08255761443260566,0.00547886942897207,0.0012141390490725177,0.0005490702411825042,-1.8866504168969371,0.9785976777485629,-0.23299622082055896,0.07027992247884389,0.00042106473788594464,0.03445147050029887,1.1877323739225613e-05,-0.21517783842982863,0.030411486513192535,0.08040309155791313
91,0.915,76,0.243403224221324,1.1202592096041848,-1.0340777339784248,0.019466002459544062,0.029327653336898404,0.16433930015375006,-0.23214869986175962,0.03869432661810397,0.07972464854382143,0.0052611123761697205,0.0044114778625770545,0.00046108031679111813,-1.9596814854333338,0.9286828031056068,-0.3457562379697888,0.06881256568193635,0.0004501967613163287,0.03449078067979104,1.2493695007627139e-05,-0.2334858776010175,0.03718190080482205,0.08179415044912347
92,0.925,81,0.27867566991338877,0.9980696533747844,-0.6267213756903912,0.06738634158911175,0.1495295065941255,0.5608641009944154,-0.24878387721737238,0.04631893182414314,0.07702551462508904,0.0032649723983731037,0.003389790762040702,0.0016363866784812244,-2.1012767144193316,0.9106443621015023,-0.3920855567787493,0.06726635265705543,0.0005158608901436451,0.03453335125424038,1.4140909481467859e-05,-0.2484628425342067,0.05080232573472972,0.07963697904831164
93,0.935,79,0.1853984386264403,1.1627541002840467,-1.1289150040255185,0.02964160291364061,0.056548282166211536,0.25477811446698856,-0.26576912729246893,0.05326463641172801,0.07345127963536144,0.005858039026749556,0.0021313443193323287,0.00207107734794147,-2.265582221958863,0.7847156448640203,-0.6900571303347213,0.0653379877011458,0.0006376077938523954,0.034581082312644264,1.5358262447517316e-05,-0.26194589583547895,0.04898804623954184,0.07262145564212422
94,0.945,82,0.1258279610968259,1.2014583287133327,-1.4215666318115656,0.040280195843104355,0.1723986268995638,0.6106382159446733,-0.2850331927687142,0.05887438214196747,0.0659846005397335,0.007805158222119938,0.006991925614453248,0.000643502842817825,-2.7321065184215363,0.6186029607064473,-0.9695005641361253,0.06318687255893483,0.0006614605504523707,0.03463248752831321,1.650443105925562e-05,-0.28484693168633013,0.06421089982842958,0.07067189642797268
95,0.955,78,0.08082970031016619,1.2487271762949448,-0.9033067016995491,0.055649032767980576,0.18702821450460544,0.39116038153513144,-0.3094828315872135,0.06316228378303117,0.057939270609183434,0.004818130118471009,0.004055271639206062,0.006513483330459027,-3.418160252606349,0.32425228309075627,-1.387125624647383,0.060856033783005345,0.0007839641246243672,0.03470919175716229,3.4161739918450844e-05,-0.3001040888053114,0.06514000945111685,0.06253191660927516
96,0.965,81,-0.03588267627184176,1.5550271119085841,-1.8085820990870012,0.02736996889863564,0.03651416596794689,0.1814219672016448,-0.3397237568104158,0.06406241867141957,0.04379059054537537,0.01273216437461968,0.003138614593896693,0.0030321517936499065,-4.539529688385661,-0.19686231914316016,-1.8821868205125603,0.05809797765782687,0.0008769710705046433,0.03485582486957095,5.477994987190637e-05,-0.3298062049822437,0.06523062945601936,0.04446075497098378
97,0.975,79,-0.13384427336662566,1.5449218860889546,-1.1872413656982133,0.0560339021373169,0.21842575106815484,0.7192812110617207,-0.3821153066013841,0.060012486676740605,0.02782428148098247,0.00925771189629255,0.005041230577984929,0.005866062671070663,-6.099152886097567,-0.7444822776871027,-2.3093780580850556,0.0552539043995122,0.0008899503212956741,0.03506673329204607,8.223989401043493e-05,-0.37071103662670324,0.07224183394004818,0.039410329395561335
98,0.985,82,-0.2344641873785714,2.0179952607753444,-1.8427372412838143,0.013626391777228453,0.07004522327933543,0.2923396015684864,-0.43731020298797685,0.052150702228425924,0.006840541616014474,0.02082750070926804,0.00467395829682167,0.011841119897548841,-7.995307315459794,-1.352097773146355,-3.3461352632510826,0.05193038671082593,0.001103586922417076,0.03546572085736859,0.00015901493400026365,-0.4131505219514904,0.05348872068148391,0.0018780553230838856
99,0.995,78,-0.3064674232272447,2.0468984815690954,-2.234113638377905,0.1103601592174192,0.17642675842141084,0.363898626696528,-0.5100402236487408,0.03837892230639892,-0.025713882731034855,0.028680204885831527,0.0016853376997187726,0.0027914802166466657,-10.108670572488002,-2.1326122442196493,-4.102719992295979,0.04838707256996971,0.0010316615374112528,0.036056592767412264,0.00019652322930338725,-0.49680468064117167,0.04396123985503472,-0.009159648893991823
