bin_id,phase_center,bin_count,acc_W_x,acc_W_y,acc_W_z,acc_W_std_x,acc_W_std_y,acc_W_std_z,omega_W_x,omega_W_y,omega_W_z,omega_W_std_x,omega_W_std_y,omega_W_std_z,alpha_W_x,alpha_W_y,alpha_W_z,orientation_quat_w,orientation_quat_x,orientation_quat_y,orientation_quat_z,orientation_R_00,orientation_R_01,orientation_R_02,orientation_R_10,orientation_R_11,orientation_R_12,orientation_R_20,orientation_R_21,orientation_R_22,orientation_dispersion_rad,left_foot_z_mean,left_foot_z_std,right_foot_z_mean,right_foot_z_std
0,0.005,81,-0.5668570193635939,2.4429494033794206,-2.385544946313961,0.02701569307975333,0.30115642839136064,0.4855633122746685,-0.5760785707382752,0.025831087209543444,-0.042386782715564814,0.026022868078684234,0.009077187556310276,0.030498929960119023,-12.290726727805747,-2.9743443755719,-6.821982366891939,0.9998918591328485,0.0074491198400219215,0.009423014987879404,-0.008484541354904408,0.9996784386930703,0.017107633994287885,0.018717587219054255,-0.01682686132269174,0.9997450463432118,-0.015056528492190906,-0.018970396680415474,0.014736728650780719,0.9997114348042944,0.0014581773909252541,0.044751127911255954,0.001230761832968084,0.03687147880769486,0.0003171873211509417
1,0.015,79,-0.4950700057687823,2.3456347745424155,-2.923996862965717,0.06859178780237787,0.40941804636022744,0.5478289225078546,-0.6934563082860636,-0.003628270154115682,-0.11831136676426285,0.042292097457322105,0.008850666146812918,0.011318484576659646,-14.979750523978,-3.458708324808264,-5.228022846081594,0.9999041772912285,0.004872160885089544,0.009428039533918868,-0.008888776879200321,0.9996642034322774,0.017867720115924655,0.01876765712521039,-0.017683980414163705,0.9997945033878032,-0.009910995522522496,-0.018940887329318902,0.009575780563221357,0.9997747482377133,0.001738652318266117,0.04061962179843005,0.0012466134328976508,0.038072708594240695,0.00040437111897222893
2,0.025,81,-0.5666138614295185,1.1674379407536422,-1.533612213862682,0.1690021457070261,0.29451882869246415,0.3538396979897143,-0.8157545791219232,-0.029508245987388777,-0.12603514825287032,0.028833410085504496,0.006225124207275903,0.008168585676296605,-10.642497705497924,-1.2636327624005865,-1.900287203958328,0.9999107046747077,0.0017812350033831281,0.00931467529696561,-0.009415237803929223,0.9996491802424151,0.01886197738578184,0.01859414557772688,-0.018795610883045426,0.9998163609979164,-0.00373755166082279,-0.01866122858229302,0.0033867521288735254,0.9998201280519496,0.0020606578243395177,0.036922375863905975,0.0009980707589019727,0.03954391724279046,0.0005042378881964732
3,0.035,80,-0.9355714800957337,-2.404321706933171,4.9533432267058775,0.18157126781741603,1.279172922371044,2.3146210072379207,-0.8637362715740304,-0.023846394352525065,-0.1487159620275961,0.009634101530005556,0.01156927733257528,0.014471829046739418,2.2590102723019436,3.056070140770993,5.543206841184405,0.9999064265376136,-0.0016499804027565285,0.009159172665564267,-0.01002623007579401,0.9996311685330993,0.020020358862654984,0.01834971738640789,-0.020080808684269563,0.9997935045502755,0.003115988071857004,-0.018283545053853534,-0.0034833159616524875,0.9998267742415058,0.0021294416865456417,0.03399755189962238,0.0007380146247738082,0.0414996042911947,0.0006811363543383651
4,0.045,81,-0.9827880985294702,-4.368451493169374,7.687960812717029,0.6408098192967627,0.10802358599525703,2.7099051425233207,-0.7796104147650921,0.019388876264947112,-0.03734383879391984,0.041928834809236794,0.012261646397487672,0.05063664163641122,15.56461048688746,9.76045567241353,10.316365517572546,0.9998917463030977,-0.004946613690018149,0.009139591366361104,-0.010416072081131182,0.9996159466241132,0.020739468950094368,0.018380252513120518,-0.020920309061190426,0.9997340729108048,0.009701759116669912,-0.01817415537410956,-0.010082553686526318,0.9997839977653153,0.001872014389428052,0.032306341657057536,0.0003203945510382061,0.04402299757411725,0.0008422979872870616
5,0.055,79,-1.465854465923543,-3.1428289707085515,2.15008942999128,0.40693709231736946,0.41303781517436716,0.19529577107495624,-0.6147025037838311,0.13232089640609143,0.016345886253564652,0.050221424228795504,0.04350663220546195,0.03335194255240121,19.398091830757384,11.215027411104014,-2.1081279716979187,0.9998722713097585,-0.007670312977941054,0.00943698822068713,-0.01037066140647546,0.9996067852706297,0.02059390424451052,0.0190306581306356,-0.020883442857397773,0.9996672313616254,0.01514293089875399,-0.018712473255531915,-0.015534402136888566,0.9997042191042861,0.0014638367271254706,0.031787313747043855,7.93352891582941e-05,0.04733134990511413,0.0011783305272262208
6,0.065,81,-0.5999742832874061,-2.8872770370416783,2.6123413994285967,0.1650261244782223,0.03650310295099406,0.11205177620535645,-0.4692409454729739,0.19882931484261135,-0.07107388634108654,0.03922760604977062,0.006971039729175029,0.014380032974263442,15.856450740630857,2.948984140559878,-5.380396293160268,0.9998450906486025,-0.009757443429336595,0.010154953923885,-0.010557647200729874,0.9995708259927774,0.020913850668019797,0.020512792943734388,-0.021310196221779105,0.9995866567666164,0.019297438978471224,-0.020100730362502327,-0.019726288661943408,0.9996033384170542,0.0012275233637973168,0.03185781756646452,8.091339705622066e-05,0.051600663778143374,0.0013541140163700531
7,0.075,81,-0.8163937203557753,-2.3689406011890144,1.003877126307097,0.34496081921330984,0.31371761515243435,1.204882195409897,-0.36099929193373737,0.17950464265504948,-0.06974045443699962,0.022694986733259908,0.010462488740308216,0.011430012695050892,9.092961951841133,-4.353613069384454,3.036750329664814,0.9998167117840024,-0.011370664331682786,0.010909414000167558,-0.010873615601733647,0.9995254983398374,0.021495150622954592,0.022062109332433903,-0.021991339761559658,0.9995049449528038,0.022499910897249464,-0.021567548400117653,-0.022974409994361438,0.9995033853576583,0.000976587199034109,0.032162551769661415,0.00011081654887884086,0.056036200432429975,0.0013307025833394922
8,0.085,79,-0.6327032137791835,-2.013750187802632,0.9492142657965776,0.09990512743335768,0.030532588169613385,0.19700401523448371,-0.32375355424351576,0.12917150573246008,-0.02248588106644951,0.005567734503261756,0.02199958277387945,0.021321195959382845,2.831422214635535,-8.42840367823745,8.387748506810583,0.9997919475744792,-0.012710018649047321,0.011501455902834324,-0.011055926161386287,0.9994909660176583,0.021814884460231623,0.023279168049460855,-0.0223996193362965,0.9994324438453097,0.02516043010325759,-0.022717083938686017,-0.025669067092098295,0.9994123438761121,0.0008327257045693536,0.0325210048670211,0.00010857787555247476,0.060554344651106415,0.0013494737911677586
9,0.095,80,-0.4991808762798472,-1.882736455340656,1.0375013961339135,0.12268541418656864,0.07908697301138481,0.634217076512708,-0.3156965364995688,0.044650183803250275,0.06446352167196971,0.0015252471675580043,0.028052947918977052,0.02959869258529106,1.8129584644585688,-7.08887209466622,6.303389910270826,0.9997728102223318,-0.01397639678565594,0.011795356801834531,-0.010947960127289696,0.9994820234539373,0.021561232551543262,0.023891380104155494,-0.022220658899106564,0.9993696050038824,0.027688172790447926,-0.023279327965225326,-0.028204713174262486,0.9993310597816146,0.0008064837777490649,0.032856412448127745,9.606290664864726e-05,0.06484005441570523,0.0012162203304588737
10,0.105,80,-0.43456891182707846,-0.8933147980651169,-0.0870038706110026,0.14462659870765487,0.2767757798696021,0.15369736009170853,-0.29474621881217866,0.015749552217800552,0.0783683574978837,0.008038465644609622,0.004506904341856376,0.030945842821014778,1.9389658485097077,-2.847704850902394,-4.838477090571013,0.9997579882698826,-0.01519868174976827,0.011852039069684068,-0.010606325165551727,0.9994940700727465,0.020847245881084553,0.024020745795858348,-0.021567787360708343,0.9993130118791037,0.030138593820509225,-0.02337593715295523,-0.030641420141500796,0.9992570584859198,0.0007469843785702256,0.0331441708909704,7.96761248529363e-05,0.06877181989752021,0.0011808892047125417
11,0.115,81,-0.1788576820374867,-0.7720547592299951,0.3215823998997922,0.027955159419437207,0.024680151999210836,0.08048994725784905,-0.2846730829234135,-0.0009130938111880306,-0.012952111777166502,0.0008510726734327286,0.010904609319076594,0.019235040095055427,0.4034573972099831,-3.5026110323839807,-7.414436993982067,0.9997401461932991,-0.0163525707996457,0.01187467233719934,-0.010546358353848382,0.9994955329647127,0.02069887284473331,0.024088093460097867,-0.021475598525199896,0.9992427355074296,0.03244617394414286,-0.023398253173458908,-0.032947112143353406,0.9991831711702535,0.0007245846858597328,0.03338180440035223,6.510429438112601e-05,0.07254133634341117,0.0010694709506108922
12,0.125,79,-0.0002085548845447107,-0.9982642659345461,0.3302167873830111,0.08148186938844887,0.16463923359894894,0.09606576644964074,-0.28829090045681893,-0.04029222430034314,-0.04026263440582936,0.002752763482434938,0.010995868920577393,0.00958667149829614,-0.8359427796128318,-4.32305342023609,2.421628014996448,0.9997204456028213,-0.01749529189602355,0.011760464553785512,-0.010706861288380814,0.9994941091896611,0.020996230756052697,0.023888993055474185,-0.021819241796857958,0.9991585557656486,0.034728966695159576,-0.02313971440135236,-0.03523263734581678,0.9991112124699042,0.0007402825439512808,0.03357035458943238,5.021862122189536e-05,0.07568636045756644,0.0008399668597600836
13,0.135,80,0.06971171114205679,-1.271946759884909,0.4428302878619716,0.0035682880590258916,0.02065477372934023,0.02387241544996813,-0.2980481673972188,-0.07008194853496548,0.025793936462776675,0.0029662681212323126,0.009053561918392771,0.026750684489341803,-1.2362394926416984,-3.7577543561328866,9.143966888914015,0.9997018565605984,-0.018661596177127066,0.011513692502856016,-0.010741401322191032,0.9995041143651706,0.021046669927721855,0.02342142292964838,-0.02190612544770551,0.999072734251515,0.037064718305569226,-0.02261961615424363,-0.03755941107306315,0.999038359426143,0.0007906535274604875,0.03371542085486448,3.8648603199112905e-05,0.07816009897230643,0.0006686067387769108
14,0.145,80,0.01644472150150925,-1.323419833886204,0.3559974903824285,0.1011215352103561,0.09162782738574854,0.14662585435468045,-0.3080707323390861,-0.10041629399846932,0.10604083581679488,0.0028578340701304445,0.009267648824222971,0.021611354355076655,0.13917377961754004,-1.8848773513262589,5.474409969758494,0.9996857077167373,-0.019878329729869908,0.01113905386622721,-0.01045271605861474,0.9995333244119265,0.02045601012997347,0.022686670967880112,-0.02134171327250006,0.9989911854682971,0.03951129751401274,-0.02185554082233671,-0.03997703098291389,0.9989615469722317,0.0008745096395219058,0.03382513893255317,2.8902364186162237e-05,0.08000609057505485,0.00047928754059506546
15,0.155,81,-0.010725163303286463,-0.9639995342947305,-0.004124299168664475,0.06991096814944943,0.1922182625206792,0.01738227111582946,-0.29582138692333815,-0.10023998615618562,0.11338449597891256,0.00722177403142472,0.0057170998438203875,0.023432609499325952,1.716453541099578,0.3109618067486143,-4.243171493385837,0.9996703119285437,-0.021097761311291898,0.010699477696569277,-0.009983641287652084,0.9995716961673202,0.019509229547224276,0.021813165374612694,-0.020412169653615114,0.9989104227485824,0.041967971767530705,-0.020970635450994927,-0.04239525075668183,0.9988808112893447,0.0008352723192893244,0.03390672631769051,2.1629620263340038e-05,0.08136677548102972,0.0004072187881555115
16,0.165,79,0.0768330669967174,-0.8685394120828873,-0.0055951302736475545,0.012578372743370703,0.02848808487581011,0.01614868972768022,-0.28060747568149286,-0.0954409050904915,0.038150091922621476,0.003061757125607055,0.0022550996606066657,0.017581006065968737,1.5423801084298652,-0.32523322396170623,-6.678823172739159,0.9996521774225477,-0.022238849376804582,0.010297177526705519,-0.009742991724238141,0.9995980844944898,0.0190212110234438,0.021020537722624966,-0.019937200543534282,0.9988210153813144,0.04426157777493814,-0.020153846020885824,-0.04466287903664094,0.9987988034267586,0.0007553144516883263,0.03396708248514223,1.6338908329951814e-05,0.08247983844381887,0.00032548756587028906
17,0.175,80,0.1299347419912656,-1.086742522881881,0.12332390909054709,0.026467217030111595,0.14591540872402156,0.11200609718323987,-0.2711433051884603,-0.10544371773957292,0.006523325215086019,0.00344311166507556,0.003971338330592699,0.005592577024722304,1.4730468977860802,-1.2877725230011132,0.11911216792257015,0.9996318827096132,-0.023326662252236445,0.009884899192799406,-0.009708484256173234,0.9996160682027917,0.018948657380774503,0.02021545384743543,-0.01987098420024585,0.9987232243232355,0.046444215832694466,-0.019309587714535795,-0.04682808538544307,0.9987163111922366,0.0007562125937768845,0.03401328247899512,1.3181602967311405e-05,0.08325035974448831,0.0002382747636749357
18,0.185,80,0.18922857686649755,-1.3301342435051047,0.10656144287470351,0.010662182030580322,0.021190094017922816,0.057474000711334614,-0.2570387253169156,-0.11604526545850931,0.0400558866093826,0.0046512958671901345,0.003339369191148591,0.014702827406878729,1.7846628205769166,-1.4509387857224598,4.932368638694254,0.9996120819108812,-0.024373389309122223,0.00942403128800356,-0.009633858295748622,0.9996367528172403,0.01880085112880767,0.019310370629171437,-0.019719633462583108,0.9986262533358468,0.04854628929702551,-0.01837113151400665,-0.04890944842503882,0.9986342510557374,0.0007459428193561117,0.034049914061187445,1.0699922226340008e-05,0.08366021902205391,0.00017709600786764516
19,0.195,82,0.1928924948521768,-1.3976142830779545,-0.07933556090604786,0.01916092344071928,0.09860309736057778,0.07222828351257446,-0.24258870005922964,-0.12865873831113228,0.08544122343419408,0.004189777305654002,0.004246395984222316,0.012886541478312684,2.632638898089108,-0.10641205533978675,2.929934911180945,0.9995943835151564,-0.025373133521724777,0.008907536686467005,-0.009377010740235487,0.9996654549195135,0.018294390304810604,0.018283695576588536,-0.01919843877559216,0.9985365515297324,0.050558631386636375,-0.017331998994401965,-0.05089273565534854,0.998553719770936,0.0007635196741225981,0.03407833618628752,8.7256326610932e-06,0.08375018570919215,0.00015685677735092035
20,0.205,78,0.2302941762235748,-1.1475286617736753,-0.12407162174810928,0.019076640469011127,0.15285761169906087,0.05379322732848244,-0.21491650294748985,-0.1177478583439459,0.08693484518827772,0.00993463822497303,0.007262699947161759,0.01689641735511639,3.393620736761199,1.605365792100453,-3.3674268422699707,0.9995786565729303,-0.0262821784280295,0.00838844291444037,-0.009021665389725592,0.999696487158134,0.017594795233803494,0.017244035037291536,-0.01847666144744614,0.9984557133013461,0.05239085375956977,-0.01629559895932855,-0.05269356466002935,0.9984777622450968,0.0006584029992885765,0.034098941084614476,6.4658088761183614e-06,0.08364943847546716,0.00015083435342529483
21,0.215,81,0.2782115310114004,-1.0528389466382293,-0.2620566363469649,0.011269503905745607,0.022943520384321077,0.040327642474801,-0.18829076827105046,-0.10297288563752503,0.031562393957874545,0.006831395061573704,0.002462349261088504,0.013219189346343122,3.0794246363815785,1.1515402634376202,-4.868030302993046,0.9995630831175524,-0.02706190742183243,0.007949611971583826,-0.008837403732232156,0.9997174079295496,0.017236821716260092,0.016370591307111115,-0.01809734836911806,0.9983791069239314,0.053959659374202246,-0.015413963300507021,-0.054240675096232135,0.9984089136723868,0.0005963015944861996,0.034113263218621515,5.6816898410464e-06,0.08349891888334454,0.00015413646756318568
22,0.225,79,0.3229922204574162,-1.1912259207457279,-0.09342986928449522,0.021581604181006388,0.07715557473074616,0.18182885797253617,-0.1656457087653846,-0.09932321412894397,0.009046360340388988,0.008581454650779932,0.0013870835160299394,0.00328164305291192,3.3780329737156127,0.3281940450650901,-0.7128087293510337,0.9995474920126161,-0.027758731082873637,0.007543563111880595,-0.008795380351930062,0.9997314718800839,0.017164001264478708,0.015568596374559901,-0.018001600223796224,0.9983041882662672,0.055359643057122425,-0.014592001982716634,-0.055625037084233546,0.9983450950084916,0.0005449218958705038,0.034124854124750706,5.237455776046146e-06,0.08325204007466072,0.0001685638872577634
23,0.235,82,0.3121314736255012,-1.2859961583995374,-0.16811950672889336,0.013420772954683826,0.01371219784422524,0.0668138814123383,-0.13424224069160065,-0.09772178091648359,0.020157454288258006,0.009187120640647485,0.0006996114058331289,0.005567129265632037,3.6608198654664164,-0.18413527136754668,1.9066324144911484,0.9995344591650335,-0.028341625345702833,0.007141576976652207,-0.008753004782036144,0.9997447655711444,0.01709305200366335,0.014772653326250265,-0.017902667599862445,0.998240274360099,0.05653184180869434,-0.01378035579752381,-0.05678188283840601,0.9982915003021008,0.0005052362035485237,0.034132617416555565,4.664895665638816e-06,0.08288256436224405,0.00018317974255477863
24,0.245,79,0.32847162719088113,-1.3477215519139996,-0.268224852763634,0.06987235995347713,0.07606642052425792,0.19659887567625486,-0.10707259091792193,-0.10226937847082472,0.03955247897224736,0.007216645724786016,0.0022720731639619034,0.006268030548111503,3.9604796658029606,0.5306560465515109,0.974533210538398,0.9995248752884776,-0.028810955022681214,0.00673215935036398,-0.008638899276864332,0.999760094899531,0.01688166956417736,0.013955711347211854,-0.0176575093251728,0.9981905965799305,0.05747821555888756,-0.012960131593167007,-0.057710849345061946,0.9982492138023247,0.00047159347859361143,0.0341396987474066,4.920857226249385e-06,0.08242232570413528,0.00018635986719817884
25,0.255,80,0.42811043382661984,-1.1878401627362751,-0.07263783043460177,0.012148614343603504,0.11057547377913174,0.0841998329152966,-0.07087456603875328,-0.08923128417165942,0.035749985656872374,0.012431136997180191,0.007794040536918891,0.01169954344794281,4.365522579461904,2.031463927888515,-2.539308668541202,0.9995190066854004,-0.02914761797335891,0.0063353577386937735,-0.008487336651297877,0.9997756567177806,0.016597187424035674,0.013159392240598365,-0.017335829772403707,0.9981567629660933,0.05815965570008504,-0.012169849655305093,-0.05837473695582384,0.9982205592176038,0.0004113048895702435,0.03414730178783911,6.673687678926597e-06,0.08192826484813183,0.00017553404200156613
26,0.265,80,0.4443007966790482,-1.099015960728208,-0.3042917218994633,0.009573928310552359,0.014794309375034136,0.06262872640891683,-0.03722422964653147,-0.06976595562460848,-0.0010764597244118737,0.008280517600988411,0.004326177975306739,0.00816491173794784,3.760617570698105,1.9649169475061525,-3.246640623168163,0.9995155076656608,-0.02934196260744012,0.006034952245864481,-0.008448580803315044,0.9997844016676,0.0165348203750879,0.012559852599560125,-0.01724312974763127,0.9981353414255069,0.05855351973957803,-0.011568260831492901,-0.05875746686635137,0.9982052571634674,0.00036636919602598463,0.034157510916665454,9.052941285044869e-06,0.08146110448240548,0.0001660297679097911
27,0.275,81,0.5070832276745277,-1.1368828124023964,-0.0148215242717848,0.03120629371779783,0.03924098192626269,0.2863609634383628,-0.010704684907583598,-0.057792613011560974,-0.01619626431381824,0.009931304915535335,0.0044396309805943895,0.0030201713963192525,3.8506373694099896,1.6764447641826907,-1.2470777782040825,0.9995141438330765,-0.029423084169664118,0.0057798835663472,-0.008505959177931925,0.9997884832088456,0.01666352900909247,0.012054693854216815,-0.01734377701174644,0.9981238615528164,0.05871925065820366,-0.011053607642872743,-0.05891590447287785,0.9982017501278087,0.0003520623340076347,0.03417088795447934,9.948234822277295e-06,0.08098115686082374,0.000164258447202978
28,0.285,79,0.5107903154700675,-1.1675026638598804,-0.12661966406952693,0.00618341159780301,0.009464024413499333,0.09585873642661048,0.024385968264028363,-0.04294283939768543,-0.02102970417567719,0.00951541990235011,0.003983505573511327,0.0013015645684277316,3.844305182357839,1.5723817109611153,-0.08440829181295878,0.9995158520588059,-0.02937690333305635,0.005592245988402652,-0.008589867200648929,0.9997898819325608,0.016842851128625255,0.011683764424835943,-0.01749998260788916,0.998126423464071,0.0586292878307905,-0.010674389631246922,-0.05882143443236546,0.9982114486707309,0.00035474926369067874,0.03418713372369069,1.0041608025620823e-05,0.08046518473689922,0.00016934603810027217
29,0.295,77,0.510288447458135,-1.180333963924882,-0.2718881683748245,0.0490966605424073,0.030194803791921906,0.2859205161123527,0.05080419801014183,-0.03263450563618313,-0.01754679698282558,0.0064481602067779364,0.0026418976422562823,0.0026846024955510194,3.713549035110404,1.5688451963516312,-0.075872844911163,0.9995207376522682,-0.029212765049001808,0.005455145676838011,-0.008668953045320638,0.999790181277485,0.01701087690713243,0.011411550638894983,-0.017648316462994616,0.9981429272225797,0.05830294813782559,-0.01039857428475986,-0.05849210974473716,0.9982337114876726,0.00036622545865633267,0.03420481867797343,1.030525594877662e-05,0.0799316149196459,0.00016446503962342233
30,0.305,80,0.572560623503555,-1.0838580736329813,0.10713856300417948,0.01854734807809167,0.07281552862854349,0.14645484743954407,0.08380275282579483,-0.01784131625605933,-0.0222436696942558,0.012640421635636574,0.00646369473776614,0.007242510327666836,4.108772058058722,2.10430419440069,-1.8903087774903848,0.9995286204681438,-0.02893667257795025,0.005366706545654456,-0.008740955669640442,0.9997895883096685,0.017163081463830734,0.01123422192453224,-0.017784259984364913,0.9981725293481958,0.05775224455753889,-0.010222485235609187,-0.057939885133569034,0.9982677348819387,0.00040798831395204543,0.034223956787652915,1.0580372510095971e-05,0.07938070575907609,0.00017701151329427696
31,0.315,80,0.552509016482513,-1.0060461775660359,-0.2975628525199732,0.00426569447921279,0.003521096331934523,0.10524053721046808,0.11654455093908138,0.0010343614742279205,-0.04779173742267174,0.007959243329663544,0.005604895491411536,0.006809728607497541,3.5752913094889704,2.2013250030458913,-2.551661607451164,0.9995395491823311,-0.02851326934376963,0.00534752466869577,-0.008893091230261578,0.9997846338165759,0.01747304197586405,0.011197267004273457,-0.01808294362066795,0.9982158127993997,0.05690516872170219,-0.0101829825820848,-0.05709539282064133,0.9983167949024947,0.000469359284376816,0.03424450252685213,1.1038158438126295e-05,0.07879484589604484,0.0001790120159494803
32,0.325,82,0.641890136086605,-1.036274738425893,0.061891519416441686,0.06289122801003753,0.015410296194798705,0.4198112658747747,0.14100741377761836,0.017379883792674935,-0.06307025541347443,0.009574584080589591,0.004969031998569753,0.003089308159421099,3.647843438239324,1.9913504613565183,-1.456096036849174,0.9995521628833226,-0.027981298123094474,0.005409645262168426,-0.009124492794446052,0.9997749587387632,0.017938075222161846,0.011325075550670782,-0.018543550809445527,0.9982675811731813,0.05583881358001394,-0.010303814938257093,-0.056036254656874604,0.998375565386968,0.0005324643254445378,0.03426885256131813,1.1890581743060008e-05,0.07820583981263378,0.00018894932356150931
33,0.335,79,0.6324149393968997,-1.0667685418536867,-0.1108182041175725,0.014839098961300251,0.009427946214375973,0.14848074202635705,0.17491004595091056,0.03289596885593221,-0.07108927401225852,0.00940222209361813,0.005205830159959866,0.002070436755338412,3.700889466855551,2.0306642010880913,-0.7089162467458429,0.9995671643748132,-0.02732678673228294,0.005520512597638321,-0.0093943904135838,0.9997625387388329,0.01847893263265469,0.011549683252857155,-0.01908236411428886,0.9983299843112909,0.054526193749676016,-0.010522809239609925,-0.0547336411521773,0.9984455413350953,0.000597866131431957,0.03429601437081764,1.2902616135220368e-05,0.07754914079545581,0.00021450744785137405
34,0.345,80,0.6248923329409329,-1.0780660413184875,-0.3263453722864452,0.06401161228772138,0.026468538026172383,0.39585079190498146,0.20022164524730718,0.04987051101008439,-0.07441291536140791,0.006243357503312309,0.00551327626575391,0.0007042748339713782,3.3422306311710144,1.9625457048518882,-0.5641629917490562,0.999583830756238,-0.02656707164452621,0.005719762121666333,-0.009676792660320207,0.9997472880101614,0.019041616293521524,0.011948931552971226,-0.019649445613825353,0.9984011007760876,0.05300133258858644,-0.010920595377387416,-0.053222728397057315,0.9985229500510123,0.0006620670229394506,0.03432934236822553,1.4852983451138372e-05,0.0768547814986041,0.0002185782769809948
35,0.355,80,0.7123335773057234,-1.0122775574951066,0.13679898093741855,0.029033523571718622,0.0042420418287588135,0.21960307159289383,0.2283857360496468,0.06429670013356242,-0.08011588188024342,0.010534788033321606,0.004212334230525663,0.004236387833340854,3.531400828844278,1.9215322228508815,-1.2826485064326727,0.999602115879174,-0.02570060466173715,0.005968519019329337,-0.009973245741248707,0.9997298223002011,0.019631765994806653,0.01244492537275377,-0.02024534418573402,0.9984800265788115,0.051261706584711055,-0.011419651588793022,-0.05149980861227541,0.998607711401474,0.0007368142554168725,0.03436751732704398,1.686928318435729e-05,0.07612108368912604,0.0002596241160047784
36,0.365,82,0.6504352227801323,-1.0185443813482624,-0.4575662147295379,0.009607969847930633,0.005028094035346298,0.14634205888312765,0.25672405850881563,0.0806150265756985,-0.09493529146433068,0.007009368227684728,0.006027950128889908,0.004364842481084781,2.99859132075065,2.139720285678285,-1.573130740921939,0.9996217951231987,-0.024702547511158596,0.006287130495793181,-0.010320990808133368,0.9997078982777345,0.020323558438590253,0.013079414876357463,-0.020944790997714992,0.9985665225903948,0.04925663094232769,-0.012059595813156881,-0.04951618860655415,0.9987005122731757,0.0008225831067767272,0.0344119251735114,1.9342109855625128e-05,0.07526707928155586,0.000281568554193311
37,0.375,78,0.6990970921237862,-0.9567222719419383,-0.05977075913918211,0.04727171158655148,0.06285114226134596,0.4900973565688617,0.2763631971816572,0.09853222470441499,-0.10528597373499445,0.00694872577996184,0.0038383726404680363,0.00196263667031265,2.848604065062415,1.703670509173579,-1.0851308899346122,0.9996411804423427,-0.02362568276944216,0.006673449072832224,-0.0107145954188519,0.9996813250449653,0.021106172043380937,0.013848388282313152,-0.021736831206471983,0.998654049117376,0.04709140421107554,-0.012835829752838299,-0.04737741743853038,0.9987945843823,0.000851797243450811,0.03446262772180913,2.0505524321829468e-05,0.07440634999034591,0.0002828762086527552
38,0.385,81,0.6501779013935459,-1.0166520622363282,-0.4254140780980612,0.015211589302192161,0.026945805763472077,0.20986553085297607,0.30230172354981427,0.10787375472247576,-0.11229738570328447,0.007727880284510158,0.004088394741297043,0.00229497188936129,2.9246675144651118,1.6802608971140829,-0.7802135749758058,0.9996602795410509,-0.022467243743495673,0.0071172094513479835,-0.011130759008451946,0.9996509030670429,0.021934147164752393,0.014729738130759468,-0.022573763482820176,0.9987426583249323,0.044760782435848356,-0.013729428227987468,-0.045077662208710886,0.998889136576392,0.0009411718267434252,0.03451870594067736,2.213824399316414e-05,0.07338497921114459,0.00035560730824751077
39,0.395,79,0.6274762227913442,-1.0343821973603013,-0.7434035581175681,0.02826681103210467,0.10836162377885082,0.4554649811160279,0.323157877413099,0.1254163990582403,-0.11776939093460734,0.005076601317089695,0.006737121952587071,0.0008326622322421421,2.5176244353294908,1.590900151663308,-0.49994363724006374,0.9996791460184842,-0.021204339120593666,0.007614527976820968,-0.011575836121133908,0.9996160379635737,0.022821321869122616,0.015715085559838363,-0.023467166002977654,0.998832752041111,0.04221878219192388,-0.0147332537409706,-0.04257136030392176,0.9989847899322981,0.0009891000117583661,0.03457947652100719,2.3301970945237794e-05,0.07225386463568492,0.00035536936555315905
40,0.405,82,0.6013031690686176,-0.9192517769715831,-0.3825113347182935,0.038698391859545885,0.06261518674640987,0.3279563333873485,0.3425837145150861,0.1333281571490887,-0.12029648389912549,0.0073268919927729345,0.0012271545830161922,0.0019865479874910373,2.681461756720342,0.9564344591635083,-0.6740919838823973,0.9996969455672292,-0.019862162436312426,0.00816851025770715,-0.012032745616674442,0.9995769769461883,0.023733709524351283,0.016810062204915262,-0.02438268663475634,0.9989214150725558,0.039515707027887,-0.015854076812942406,-0.03990886545187975,0.9990775398870465,0.001063601890292554,0.03464349897872915,2.4607137677863925e-05,0.07100506326364155,0.0004566302231978549
41,0.415,78,0.5257856106063724,-1.0652336968914957,-1.1948017866010499,0.01758565545482582,0.030641814204871966,0.17903619753816866,0.36606126552062446,0.14071935040485645,-0.1285548626767257,0.006720507417062737,0.004721232011827597,0.002609724600635337,2.670525719367652,1.3596247874230836,-0.8283004640958205,0.9997136180621572,-0.01843247778716933,0.008737980685891914,-0.012512926005931803,0.9995341487526062,0.024696559790073444,0.01793224503341417,-0.025340810329663115,0.9990073408907911,0.036635722705395134,-0.017009668110786847,-0.03707307352845044,0.999167782912317,0.0010829830177327062,0.03471022315321209,2.4158765103732443e-05,0.06948472559552266,0.00048210970216059723
42,0.425,81,0.4467078209741151,-0.8973623577757365,-0.8562259951947941,0.04777509434029881,0.19229601242098118,0.5290386599650254,0.38531212602496856,0.15508215374785803,-0.13354929132465862,0.004765930141489306,0.0036855870802494917,0.0013065100937847262,2.4844158558716725,0.5712070241724269,0.2183957889740299,0.9997279948896759,-0.01693295533515477,0.009373530594328904,-0.01301338471279384,0.999485577485028,0.025702246861525738,0.019182672016412782,-0.026337133161071648,0.999087853683869,0.033612736250059144,-0.018301251768009088,-0.03410066168902373,0.9992508238956297,0.0011666972650070141,0.03477924243837512,2.561876625230877e-05,0.06789116450556897,0.0005369803254060073
43,0.435,79,0.3051384187439904,-1.122210945684554,-1.4861987943322321,0.028538312897709337,0.07446064229457713,0.2678437629607048,0.4058119192145712,0.14985866279161528,-0.12506053005314122,0.00832417564254343,0.0010153770338719597,0.002941947378922339,3.205744821137418,0.19816424077469252,0.7285627698898379,0.9997409262202428,-0.015346166476400205,0.010010891136073308,-0.01350398731602239,0.9994348487704607,0.02669371997007067,0.020431064028229647,-0.02730823517787587,0.9991642750020946,0.030414007480245534,-0.019602126278442142,-0.030954755267939994,0.9993285544662805,0.001185483425128684,0.03485952103485717,3.019236238220918e-05,0.0659133114950308,0.0006716750990636464
44,0.445,82,0.21659854046984225,-1.1744132374383214,-1.7325281915255768,0.07305250848065206,0.18876088908551217,0.7425170376409596,0.43660404316316725,0.1582527816002531,-0.12189228700642121,0.010377668183454631,0.005005902390735194,0.0010240077566279798,3.6799350249147493,-0.04602045279606011,1.0328612718746255,0.999752547968769,-0.013643833521478889,0.01065680662021585,-0.013968575784659069,0.9993826227264151,0.027639439073621864,0.021689508988618583,-0.02822103785520914,0.9992374493947728,0.026983193832526557,-0.020927169298466382,-0.027578635476114326,0.999400556558995,0.001292295169463156,0.03495034633118424,3.433024115009118e-05,0.06367144444009143,0.000714042369579304
45,0.455,78,-0.01173296882991987,-1.3385750095529738,-1.1569983107962352,0.03525183100037088,0.2193997563056848,0.4512398229849997,0.4646908796132072,0.14912233554687832,-0.1085347497031472,0.010730483250965987,0.00786681519935873,0.01095692203692405,4.967789283545798,-1.5778362848557406,2.9303517810723485,0.9997622766115364,-0.011828030440799421,0.011308032726769982,-0.014408898509591556,0.9993290240791812,0.028543442844192076,0.02295154686620631,-0.02907844986546324,0.9993049626792636,0.02332456469084203,-0.022269831305446956,-0.023976309874454704,0.9994644521834837,0.0012793521767052495,0.03510014985478596,7.409385451058174e-05,0.06116323858584501,0.0008658250953880975
46,0.465,81,-0.06738410086326,-1.7472961416598365,-2.214598767868356,0.009410215926954247,0.06404792683584738,0.1962500904808367,0.5160886716999,0.13300740104256126,-0.07500665850926364,0.02015082594638789,0.002383393641731845,0.008353333307385621,7.214654519750119,-1.6663421423746672,3.245626208811449,0.9997721691060711,-0.00986874839240268,0.011894184161792134,-0.014722298367932684,0.9992835646277819,0.029203126925418404,0.024073529915066012,-0.029672649768720916,0.999371723471866,0.019382780517122875,-0.02349236728166198,-0.020083219429415045,0.9995222723765856,0.0014180912608444366,0.03540276338074996,0.00011979929077008383,0.05811107312130901,0.0009921634057957647
47,0.475,79,-0.286981408271692,-1.6703417192705172,-1.4213986183563916,0.157356391169073,0.27006304275639825,0.8453229194857993,0.5801253519292091,0.12246086126888364,-0.05660473036216402,0.015856710143247025,0.010542240652193892,0.008578581019414376,7.94261287028563,-3.453880752930183,4.302945245064706,0.9997817032570785,-0.007641712664728385,0.012443113622330906,-0.014943861057525471,0.9992436998801503,0.029691024324747045,0.025109188046917166,-0.030071371120572725,0.9994365704884862,0.014908192685296435,-0.02465240127770423,-0.015651985329676897,0.999573546301863,0.0015281466263198345,0.03582634280596702,0.00017069742899750474,0.05487196343095239,0.0010471065701018576
48,0.485,82,-0.39781940745240296,-2.1350859142522016,-2.292775134299448,0.02191569637420263,0.07667392997107678,0.36914598935106224,0.6431704776244701,0.07774530899567833,-0.0061595345882283535,0.029051314799967434,0.013585806098419601,0.015489713302891854,10.87957844767807,-5.112101112279324,4.1904800176738055,0.9997911290912226,-0.0051718483765693,0.012860886740169313,-0.015018247804745215,0.9992180996502636,0.029897192746939215,0.025871745151192196,-0.030163250971772762,0.9994954084344901,0.009955240287692405,-0.025561056749080647,-0.010727832223902903,0.9996156991532527,0.0017049853115510948,0.03652011218211525,0.0002836072030293044,0.05099673474823157,0.0013145375912178823
49,0.495,79,-0.4981426126964469,-2.0873938489235777,-2.9767837747796926,0.26190293979214313,0.18228138869138247,0.09818416289355361,0.7541986070920582,0.04066724347241446,0.010442949920616876,0.037822529603296136,0.009773528404904563,0.004510564432717586,12.005407213335845,-5.551121893340933,3.944044171752339,0.9997995927005122,-0.002315817932314394,0.013117739544777587,-0.014944441522847284,0.9992091771536111,0.029822136502420223,0.02629943851937414,-0.029943649688297123,0.9995426013097491,0.004238633067915208,-0.026161004096706002,-0.005022782234070687,0.9996451237930795,0.0019085624187738276,0.03748148834222773,0.0003442355732766784,0.046749652686150944,0.0012746778207662266
50,0.505,80,-1.0223603825692942,-2.2455206687177873,-3.475039118912933,0.11984460263329928,0.43150059926351303,0.6502670275093299,0.8352569930378436,-0.0110726412977766,0.056945172159809064,0.022204157780840266,0.022063543258432166,0.039720010027692265,9.190289474373094,-6.575561751272022,8.875695699234834,0.9998029265394593,0.0008969384269750871,0.013213146190053083,-0.01478906191586014,0.9992133928308183,0.02959599752561866,0.026394554703355062,-0.02954859201138227,0.9995609582982141,-0.0021843434026467957,-0.02644761421508006,0.0014027032542147694,0.999649216538437,0.0021130152604331796,0.038706041162348895,0.0004762141004200857,0.042372525912767314,0.001454689687931752
51,0.515,79,-0.9839231050662496,-0.590036188980161,-0.6136772317408928,0.14188271747027004,0.39207690909016,0.7771291481817861,0.9012432386820277,-0.06454174454793789,0.15245408110837422,0.01362747024592849,0.011728705220940041,0.013956411228860295,4.443025689320819,-5.29612250823379,6.946078987298466,0.9998032750617432,0.004389047272621686,0.013079869332249514,-0.014250068705179138,0.9992517051202979,0.028609347052223826,0.026029503941155163,-0.028379714392947997,0.9995553436118727,-0.009149145748414588,-0.026279680841895713,0.008403589601857303,0.99961930656458,0.002287021718379981,0.040339179336306936,0.0005926062752213045,0.03789999543469609,0.0012365899447755295
52,0.525,82,-1.2047077367286911,2.3790359431345625,3.191872246522783,0.5004447687883625,2.343079999823316,3.322116599388747,0.9063454040669767,-0.09581060142951724,0.16808243595658454,0.016220986241869847,0.01211206694884665,0.003753524439577467,-7.871896269367379,2.1431115701068384,-5.051442340213795,0.9997943583203996,0.008043599665278685,0.01278014669377689,-0.013535487638455896,0.9993069168497495,0.027271005123423984,0.02533728903821435,-0.026859811588750875,0.9995041821576278,-0.01642986216704951,-0.02577278521356662,0.015737920096684427,0.9995439367098206,0.0023603600140863867,0.04229975568440512,0.0007179262140991093,0.03441894408950508,0.0009563909965117083
53,0.535,80,-1.0696089322165516,5.315900823518331,8.169606423423227,0.3133953167694424,0.15038234134049774,0.23438322713265627,0.7752928983721497,-0.03025195942622847,0.07163100366495351,0.056178874531295095,0.020416850721479918,0.052494355327422366,-20.50956206954048,6.129713592696856,-16.028006296366662,0.999771044510439,0.011428159888084375,0.012581843287162754,-0.01299818985765648,0.9993454885598432,0.026278002335013463,0.024860834426248774,-0.025702853067923394,0.9994008884439934,-0.02317816907189648,-0.025455015994044674,0.02252400432067319,0.9994221887621393,0.0018972215356783788,0.04472490378583422,0.0008594137389522316,0.03228713158020155,0.0004217048077616389
54,0.545,79,-0.5383819044735908,4.39398745242198,6.956250564912823,0.5316301442736806,0.5011281419563158,2.2425216747208876,0.578192410954329,0.0022648160536324676,-0.08836566478528204,0.06011234673579644,0.0026952459609197264,0.04172166350037837,-20.993123330695443,5.5678863914506405,-11.225892463789506,0.9997364851278785,0.01403245406060432,0.01260079319922567,-0.013087037401284852,0.9993398989256155,0.026520817647985823,0.02482765890338841,-0.025813537441204588,0.9992636393701888,-0.02838732670430222,-0.025562231907880175,0.02772769849676573,0.9992886204875747,0.001426733403224886,0.04755406473984921,0.0009479218429947991,0.03158734417143837,0.00013536968264606818
55,0.555,80,-1.0171184230210866,2.0723416041460636,2.2716593390622624,0.2706892985177678,0.44757883511155255,0.11055046896680981,0.4394029250810226,0.058834222836981774,-0.10798327575567859,0.024379753969766185,0.023364478462769595,0.04111529481526614,-12.612409102094515,5.251557573320148,6.660384576030074,0.9996997767945321,0.01594752456794171,0.01274544147251797,-0.013549408060439043,0.9993079345257646,0.02749719690946238,0.02505107095459814,-0.026684163945413408,0.9991241800027332,-0.032230859876836465,-0.025915389026297815,0.031540087127150104,0.999166460363651,0.0011701718534336669,0.05079491840149288,0.0011461807743123602,0.031587391749855705,9.370175934052206e-05
56,0.565,81,-0.5325401257295115,1.734371810938948,2.5258882654643626,0.071517404175323,0.04048723128044124,0.03904818847160248,0.3763938653208168,0.08628973722675483,0.018200488431199147,0.016403170226372426,0.0033102956973068746,0.027135130377148937,-6.913923336312623,0.5586644107630945,10.755233854073131,0.9996672540606789,0.017546259770362654,0.013098813638516702,-0.013635652097219538,0.999284980146294,0.02772190015227835,0.025710400735264916,-0.02680255940513842,0.9990123955199091,-0.035438064378669844,-0.026667419510609334,0.03472362091602533,0.9990410996986687,0.0010338958699285495,0.05445673193052907,0.0011612207587778061,0.03188085576344016,0.0001185479880576819
57,0.575,80,-0.5759739609744067,1.556215397635863,1.075076425019866,0.10064062121700508,0.10886525153051826,0.9913722895736108,0.3287801517000206,0.06777285340919129,0.06410046590949152,0.012196103618348376,0.0049830550683396535,0.006290035117849241,-4.8975830323795195,-1.8922584183896123,0.43711039860967876,0.9996409019737844,0.01892784755250727,0.013417160293791511,-0.013408336873693001,0.9992803926238646,0.027314959862030527,0.02631710252346934,-0.02629912800351677,0.9989239061786213,-0.0382019048098363,-0.027332266348581033,0.03748229758940632,0.9989234327933595,0.0009271721039840928,0.0578721205076708,0.001042163837560697,0.03226666364087584,0.0001197824975895914
58,0.585,77,-0.49994617266159175,1.5152291366979502,0.9276485577355041,0.048192863233612264,0.02951714665281895,0.1049152411487503,0.2980325368027445,0.05601360253252103,0.025194254808954007,0.006885735472053393,0.006510929583549196,0.019249307926754687,-3.0791569935424525,-2.469093065691733,-6.670344493084722,0.9996162818954234,0.02013493834580108,0.013679138418570729,-0.013219470469954949,0.9992762535452392,0.026979653056968624,0.026815432525255666,-0.02587793862224222,0.9988396597166096,-0.040616086343603974,-0.027880125416762387,0.03989276247808908,0.9988149308598727,0.0008218851922469287,0.06105059650575726,0.0009541069212410811,0.032637934352182145,0.00010885743143428221
59,0.595,80,-0.46125546355537905,1.4793991956009296,0.9259217636279666,0.19316253008953974,0.06041255264725633,0.3294607510560871,0.2795136398033414,0.028267364358123565,-0.042625045979864044,0.004706211980813722,0.01016222923643418,0.02123462212572733,-3.794432681764855,-2.847591148469235,-5.361100687736742,0.9995901357942409,0.021251841361977063,0.013844440177074561,-0.013275960897794845,0.9992641606768472,0.027129478806028704,0.027113254443338917,-0.025952599420474422,0.9987442162019312,-0.04285385847867804,-0.028241808903049906,0.042118665492907235,0.9987133814298176,0.0007900206255518005,0.06388289475060242,0.000822177173234558,0.03296497285026507,9.638825797830431e-05
60,0.605,81,-0.6296784577398485,1.0942298498095318,0.2231806604736015,0.1312902794721984,0.19322328035521877,0.05387324950432137,0.23732161389450682,0.010452144157013269,-0.06058335619483387,0.017989174007407162,0.00488160942915522,0.01701953343201208,-5.468781051051543,-2.7979238435519393,2.042808596027636,0.9995632317352833,0.02228961723409611,0.013921568949225492,-0.01351697615836731,0.9992469625470521,0.027642757630645432,0.027228400449961988,-0.02640153185794018,0.9986409286381832,-0.04493611870445865,-0.028433553348891628,0.044183408642163656,0.9986187257630988,0.0006807691043617236,0.0664276814854738,0.0007748806942847385,0.03324045703118799,7.802604579627701e-05
61,0.615,80,-0.42795889124469033,0.9578244011056117,0.31149255966694367,0.02568507489687842,0.010228516058191858,0.012219681870974037,0.19201314298651667,-0.016499417138707468,-0.009940108443421861,0.010703680172937288,0.011407866025901253,0.010699947035202932,-4.55315683213278,-3.986113810667836,4.145767443259672,0.9995431733456468,0.02312226088431841,0.01390701401255272,-0.013616190031233303,0.999242388660576,0.027863062797632825,0.02717164763943338,-0.026576816373152363,0.9985599208412618,-0.04660211712959897,-0.02843099603204391,0.0458446749473512,0.9985439120257044,0.0005705403653011102,0.06882617230597751,0.0006797761008164908,0.03346029124675133,6.058514503855489e-05
62,0.625,80,-0.2701369647983718,0.9600686612041558,0.20455942192244053,0.08821727851233843,0.018363221702651422,0.04633465151060368,0.16447110458038233,-0.053325676813672104,0.005748922897320879,0.0053119937581927665,0.008319877526322544,0.0030597577366781718,-2.1652470292404713,-3.390623718410474,-0.3112732392784185,0.999529083515344,0.023821912469739758,0.013762467397738584,-0.01359125396667937,0.9992517446134788,0.02782540382971178,0.02686443352524642,-0.026514010654845478,0.9984955886037946,-0.04799548705614507,-0.028159512174639374,0.047247290297701826,0.9984862219548205,0.0005356745889890486,0.0708312552531178,0.0005415637062810203,0.033630493581081604,4.725187261200023e-05
63,0.635,79,-0.1432123593949416,0.9890756277206402,0.14383809254347998,0.020637332594748058,0.010755338921063886,0.042879938041641835,0.15736919051866913,-0.07074939663327505,-0.014920480271876558,0.0006385198620837372,0.005142572735005478,0.009388687561421477,-0.3933186859312373,-2.175960197098211,-3.322878172157462,0.9995172309194197,0.024453908194055744,0.013506905445473288,-0.013596873703147367,0.9992653770615754,0.027841212357360656,0.02633577605577391,-0.026520025854363072,0.9984342627990747,-0.04925150858148552,-0.027665762860825657,0.0485169018316357,0.9984391397586475,0.0005338770475487508,0.07242855626946906,0.0004319369735647171,0.033761217409298085,3.536171670932037e-05
64,0.645,81,-0.10876782037897366,1.0092300452075245,-0.01119120234116205,0.0530831788487372,0.09866651713977505,0.03763266998616558,0.15817800560548254,-0.08814103996724348,-0.04741712785719851,0.001015865838062363,0.005695265713018601,0.010248964083925968,-1.302953966101191,-1.4471507812563238,-2.286752748922505,0.999503967570895,0.025091628759626936,0.013189634811111113,-0.013720878608089003,0.9992755420475432,0.02809004405499806,0.025677626264453347,-0.02676624637437625,0.9983642953128223,-0.05052031175238275,-0.02705474303361365,0.04979641823986963,0.9983928873994772,0.0005651188151436684,0.07365202326761318,0.0003144516602556973,0.033860819028313276,2.764790777399645e-05
65,0.655,81,-0.1273198595423905,0.9518918365170622,-0.14996596230295495,0.04693163871053227,0.11236955514137843,0.04399833723915502,0.13652192706105007,-0.09390380913337623,-0.05150852425463663,0.011406231554795511,0.002077262092689048,0.01096065896508836,-3.1026274351515086,-0.810665202389281,1.9078473792092425,0.9994906848120675,0.025695789945522643,0.012812040608771185,-0.01392655622970825,0.9992838052940399,0.02849735745472271,0.024895322756715275,-0.02718049543769675,0.9982915548213127,-0.05172226058678564,-0.026326738210887646,0.051008550170964215,0.9983511559890296,0.0005167730367868805,0.07458005464284367,0.00026402675537711757,0.03393764848440971,2.0537425973173422e-05
66,0.665,79,-0.0324238108834932,0.8579908884659424,-0.28027797243826846,0.0187645807324798,0.004589647591902726,0.0426623534995319,0.1085359666430584,-0.10111168320547198,-0.016891569789850628,0.006338098549871903,0.0038665917633021263,0.008010105285115615,-2.769739220606822,-1.1021563272362207,3.0436695582570072,0.9994816180936772,0.026176759799344522,0.012428691672847091,-0.014028540998749731,0.9992974553214954,0.028693223466928208,0.024110054231810188,-0.02739185196076728,0.9982359545677076,-0.05267509330278348,-0.0255789412240483,0.05197766766001006,0.9983206097394175,0.0004656800217249455,0.07536564299301046,0.000207477397831551,0.03399468586254988,1.5422141999797834e-05
67,0.675,80,0.07420293733301427,0.884348613053841,-0.26130118365163285,0.05687823939354943,0.02119559635407993,0.08556215163939446,0.09220609953134092,-0.11153831036915576,-0.00280981132252452,0.00383582338199512,0.0026063156231891688,0.001678628765608526,-1.5584136193765517,-0.3529879060056506,0.776829713871159,0.9994763519864098,0.02656953868116293,0.012000970375814168,-0.014037739997855727,0.9993178371315828,0.02869849881960448,0.023243419631293165,-0.02742305783315774,0.9981940029400456,-0.053448184193736356,-0.024735324734769706,0.05277431818630576,0.9983000726486181,0.0004549906239820607,0.0759350047026652,0.00014381152636570122,0.034038702608899594,1.2097523211824289e-05
68,0.685,80,0.13368695302563377,0.9053399655551336,-0.2955792407951715,0.006546476672658715,0.0053853090556375514,0.03802281732958208,0.08360134873303357,-0.10675948970156239,-0.004462294367912085,0.0016837674288714105,0.0020965633668951324,0.002118591128312979,-0.6886246475864737,0.43377059317166283,-0.7879502166695,0.9994720932687828,0.026920737190965525,0.011569803135148026,-0.014033828466477796,0.9993383826279748,0.028675775087036247,0.02237178870052997,-0.02742990456882613,0.9981566511353369,-0.05413778837036534,-0.023882992732246526,0.053488313840007004,0.9982828271290177,0.0004293098722218288,0.07633078204972367,9.986796327813595e-05,0.034072387971854454,8.963698314034653e-06
69,0.695,81,0.1316401260066271,0.9805882213855162,-0.35951998602933594,0.04884557202032253,0.11544737373788058,0.12972019246679214,0.08118810516995734,-0.10459798087840916,-0.015417014789236521,0.0002509082681562644,0.0015365390733456292,0.004774689974375427,-1.340371331144848,0.3711711262816223,-0.6373273756602058,0.9994674452809376,0.02725443676786031,0.011149474512260933,-0.014060964339733934,0.9993559569998743,0.028714697509819052,0.02152062628700389,-0.02749920691746191,0.9981189699166069,-0.05479338930493574,-0.02305352094097356,0.05416629985084105,0.9982657697891343,0.0004232396421552815,0.07656133218282171,5.109691036729258e-05,0.034097716197441515,6.811868140328836e-06
70,0.705,79,0.08882900347312554,0.9901466956161636,-0.21380649791344697,0.02979489593017643,0.08336193213497872,0.06036942735590508,0.062155407434716,-0.10082075168105643,-0.014659532378475377,0.009331173308241292,0.00209229971630725,0.007759440738174361,-2.5995825061931916,0.19148385507245305,1.4418700218829752,0.9994629481874466,0.02755035013921192,0.010743679990187568,-0.014119729031846466,0.9993704131846713,0.028816276302580924,0.020697813197354357,-0.027632307720527678,0.9980832229185481,-0.05537450404799899,-0.022253827112147018,0.05476771264693372,0.9982511030949506,0.000384089038222514,0.0766714988523472,4.4801058391874425e-05,0.034115849300474885,4.397207013660683e-06
71,0.715,80,0.1655640527502501,0.912614339646329,-0.379379655044909,0.017062355495759712,0.006567592951477718,0.04795097639130346,0.03959478507086627,-0.10153423919724991,0.0076529055608910825,0.005039340745427474,0.0019600601089046397,0.00457275886463782,-2.295751230444399,-0.1873566755386264,1.8391481103383491,0.9994620727057916,0.02774112154743219,0.010345410821843813,-0.014105597217451851,0.9993880092041326,0.028770005461548728,0.019897081312168982,-0.027622032265281166,0.9980629246048592,-0.05574425407816374,-0.021462301659802792,0.05516054128575575,0.9982468053004357,0.00036714346101688,0.07676481893714984,3.4457435127231344e-05,0.03412824272946529,3.423725917037593e-06
72,0.725,80,0.1952106347644723,0.9662673097304391,-0.23134445199681392,0.014383922133353782,0.05426253925142481,0.18497673031601045,0.025423387747605615,-0.10381845848967446,0.014766837386938209,0.004931325936519961,0.00315767593920262,0.0008755375906669473,-1.8253957660865427,0.516063474375307,0.6263785107436612,0.9994635987453309,0.027869171849891204,0.009933771404736329,-0.014040805856936426,0.9994083519131325,0.028620240666908665,0.01907427457190662,-0.027512856737324135,0.9980523300625781,-0.055987401893730845,-0.020639497097258305,0.05542948927084648,0.9982492588921593,0.00035571627113168623,0.07678547343265696,2.3887564190591242e-05,0.03413891323738175,3.0573318676440453e-06
73,0.735,81,0.24594088084048374,0.9486296530931746,-0.2520380977566359,0.010280043956623117,0.007735045288587814,0.052707556989668135,0.010388452813481589,-0.093277223607245,0.01767496173278966,0.003357009223145675,0.0033383428189588935,0.0006589179504203137,-1.3292313984171462,1.0871245083719019,-0.21122381843571478,0.9994666551313865,0.027935801729164135,0.009543680430178291,-0.013961175669459603,0.9994280074755463,0.0284406798246409,0.01829714744357023,-0.02737423836758504,0.9980493531113507,-0.05610828662336037,-0.019857213985202446,0.05557532262728476,0.998257018291191,0.0003280618065311464,0.07676810009938347,2.1669634828236273e-05,0.03414791357154267,2.5573604771897442e-06
74,0.745,79,0.2502303891357915,0.9783881244864702,-0.32381206905691257,0.04350046291721291,0.08289325977801754,0.18449587082307256,0.004155685372931274,-0.08642446635572403,0.011387256291966772,0.0006820142067847189,0.002021604362730402,0.0034441720958438295,-1.4742302747049805,0.8796445975300304,-0.1681027457699052,0.9994700617473606,0.027965422285647804,0.00919268543275864,-0.013893356745110545,0.9994449383457749,0.02828614290795993,0.01759856057752234,-0.027257833587695054,0.9980498195894769,-0.056156639193580646,-0.019152694930891022,0.05564577016092906,0.9982668593818395,0.0003063127209298114,0.0767055475896375,3.348104966813743e-05,0.034156393729194476,2.625665361478227e-06
75,0.755,80,0.1992845943888128,0.970712670255122,-0.08090666690100998,0.02250021813183371,0.0699104776638407,0.08340424568189173,-0.013199231581798098,-0.07920291004676451,0.014985317800471179,0.008234436751924932,0.0027008139693118927,0.006990954135981093,-2.199989221371826,0.6921949553959925,1.3539703883659984,0.9994741887010419,0.027949442415598685,0.008866767226002369,-0.013840347828404029,0.9994596504218973,0.02816178323426003,0.01695054994993574,-0.027170498434277345,0.9980545468812918,-0.056114930850996704,-0.01849786996850308,0.05562405428091124,0.9982804182152341,0.00029581570658961505,0.0766081968094676,2.749951824125054e-05,0.03416434207930023,2.1410951813130552e-06
76,0.765,81,0.2557115309069779,0.9078586583067335,-0.31023042479849344,0.01004646114303069,0.006658266570202,0.06245922218146943,-0.031044142169017942,-0.07534934706938815,0.033050782505822746,0.003211319869447855,0.0014676022659719274,0.0028794005842984506,-1.7243981219763713,0.4141756544624219,1.1985240419809078,0.999481293231853,0.027848849585878334,0.00856082256227579,-0.013722185444857676,0.9994768278873484,0.027906953428523742,0.01634846985445692,-0.026953317189050897,0.9980722864067201,-0.0559037547877462,-0.017877058168230403,0.055433862008705925,0.9983023077876008,0.0003059226988824498,0.07653157054245821,2.7047810633705896e-05,0.034171685979384324,2.4339222618048883e-06
77,0.775,81,0.26412373598641725,0.9852317977255769,-0.08361763538617202,0.004417478785392387,0.061312195294652046,0.25339818697848054,-0.04078960153342004,-0.07257609957536576,0.034161702472165704,0.00556312980779988,0.0035235091737471505,0.0015876932964476215,-1.7304398210323582,0.8941299836235623,0.5895043517929106,0.9994898352899318,0.027703695040528057,0.008262195670804627,-0.01357610238263792,0.9994948511335869,0.027596139367062338,0.015763744779796234,-0.026680565970145766,0.9980963894503951,-0.05560346001462424,-0.017268177580786585,0.055154786357295316,0.9983284828075976,0.000306487716247511,0.07642571772793559,3.5757622330340517e-05,0.03418056842249764,2.7998142035196575e-06
78,0.785,80,0.2876359754225296,0.9403103359444023,-0.15705109900353081,0.005834869090315635,0.006772401371365288,0.07602136814313408,-0.058731179305535675,-0.06104326733141115,0.042482852134509315,0.0037227762814336113,0.0034724276424371765,0.0022051388852786444,-1.512842398581772,1.2361187198824184,0.41574984077225996,0.9994998799797444,0.027496079821549432,0.008000859215637503,-0.01341423746379546,0.9995120889701529,0.027255041997435003,0.015256037763429557,-0.02637507294289841,0.9981280476554237,-0.05517930781397018,-0.016731393539628513,0.05475000611223835,0.998359903692517,0.0003122934137174827,0.0763133498016795,3.341408436667339e-05,0.034189728434154805,2.8354251956208176e-06
79,0.795,79,0.28877831202307896,0.9760784708795003,-0.25448709436074674,0.010223402264775935,0.08281384268180546,0.26103428791076844,-0.06499507991072839,-0.052798200057247065,0.040813699924521864,0.0004757889858944502,0.0024455338279418394,0.0026190778320356652,-1.4637694954354454,1.0758418222423194,0.034962512793207126,0.9995107673895753,0.027246009472252912,0.007781495185423721,-0.013241192273336711,0.9995282383197195,0.026893457883612075,0.01483383714823579,-0.026045399117490695,0.9981646515900369,-0.05467143221967877,-0.016276915748648806,0.054259287123981814,0.9983942066010343,0.00029973493700063134,0.07618361732324357,4.533802278644659e-05,0.034200084200142575,3.4096369151780155e-06
80,0.805,81,0.2709500632872102,0.9884280404758872,0.04970169272685432,0.0023682161545023825,0.0645609077169237,0.12342354554325978,-0.0821514912325028,-0.043829798175534035,0.04304225233920063,0.008103440783045682,0.0032285304257978023,0.005147392804595579,-2.126418860334897,1.0410331379218998,1.0970511153857097,0.9995223241045388,0.026952635012463897,0.007592692328632329,-0.01307784790204309,0.9995426418349075,0.026552487988862675,0.014473166042546007,-0.02573391572848043,0.9982050507202719,-0.054078112927680284,-0.015883095887555144,0.05368092862591683,0.9984318129781753,0.0003208638754359717,0.07601929933603163,5.188951940493311e-05,0.03421148028427995,3.420326310692859e-06
81,0.815,80,0.2761691126794589,0.9056179750871204,-0.2867336335767524,0.0007328422649178878,0.00791520017762427,0.08592820154859925,-0.09901778167608674,-0.03614166985049667,0.05836651777069322,0.0026639643130903427,0.0022369753463991732,0.002906404953510706,-1.573065935570858,0.8794208400907102,1.138190997580597,0.9995365160592515,0.02657181547725472,0.007436073835121961,-0.012860656759867565,0.999558616627247,0.02610457206762798,0.014181792671955306,-0.02531421214033957,0.9982570842598952,-0.053310265321478034,-0.015548716665313343,0.05292773414853989,0.9984772868563226,0.00035070195931724454,0.07583567768454044,5.9675301976657425e-05,0.03422388704321909,4.1242199512706155e-06
82,0.825,81,0.300235566273412,0.9741856429859709,0.0012608835845143264,0.021195146207826376,0.05219927876038235,0.3295459039610041,-0.10732054620163653,-0.02975906473408267,0.06125330830049018,0.005422869059975511,0.0028841791146165855,0.0014964797025185642,-1.6238756923825508,0.9827883458790899,0.7332739157401451,0.9995514600131563,0.026158089858517027,0.007308512932487272,-0.012618191599312378,0.9995747337589574,0.025607417147677135,0.013950333964971778,-0.02484271019559659,0.9983130711514335,-0.052477154251448416,-0.01527060512379897,0.052108273385495715,0.9985246799473388,0.0003670165803647052,0.07561447759402798,7.554188829150729e-05,0.03423917357736752,4.928752052008688e-06
83,0.835,78,0.2992992751582881,0.9350736187320237,-0.16248614464849667,0.004831588970721752,0.006433365647849956,0.1133619796918525,-0.12499979275420756,-0.020417056316431228,0.07009890042253554,0.003742332542522116,0.0030478570642077417,0.0026725948609248322,-1.5192237338030357,1.1615703729215592,0.6499264753757816,0.9995677383268721,0.025683959848327557,0.007213371527253351,-0.01235467416896064,0.9995906585947772,0.025069203323020917,0.013785873015826665,-0.02432813154431274,0.9983753924653767,-0.05152395302349968,-0.015055140837005683,0.05116747760398419,0.9985766029554386,0.0003926903393115677,0.0753320979572323,9.341264005302505e-05,0.03425611803176229,5.39349564751797e-06
84,0.845,81,0.29217782824138905,0.9623225867816194,-0.3069011432193608,0.04726504128819881,0.033450530090609006,0.35883510854893147,-0.1316281259424851,-0.01117393876733772,0.07165213190650269,0.0006127676827627743,0.0029237517613078167,0.0016508441376038155,-1.3117687371757472,0.9511901847226882,0.2382994320351212,0.9995847354650461,0.02516784479346607,0.0071569334959560955,-0.012071226808422297,0.9996061275725482,0.02449267729491751,0.013700309425030205,-0.023772178929223987,0.9984417301435833,-0.0504875728951692,-0.0149155364761546,0.050142001025239274,0.998630715782773,0.0004080961853162842,0.07499798364313891,0.0001094425336687285,0.034276193158947636,6.783751328341413e-06
85,0.855,80,0.3269441743821948,0.968258324553935,0.03493508599678095,0.03071155595270961,0.022004881103496753,0.19414036457304262,-0.1459880925490195,-0.005198013360868214,0.07391169133509748,0.006832560289742187,0.001470583945594433,0.003530300918905346,-1.913802908514778,0.7529011713783408,0.7616111167914581,0.9996023943010204,0.024604367977375932,0.007128189532865251,-0.011784196963939564,0.9996206432317972,0.023909792196695798,0.013670825211329863,-0.023208253803579416,0.9985115155566979,-0.049357170259799826,-0.014830596085004444,0.049021170301993516,0.9986876279808349,0.00044157397161482387,0.07457095583161275,0.00015419767127039906,0.03429928318269878,7.103577929407911e-06
86,0.865,81,0.2699027140780256,0.9668412051016758,-0.4905510865073229,0.0111829191003166,0.01269545366576746,0.12963835949564298,-0.16224897247872155,0.0008724799747157319,0.08383790977516602,0.003224372638201275,0.002598464764845044,0.0016825330423718623,-1.571334293127188,0.8677576933728507,0.6375097459336131,0.9996214745005991,0.023973212553472952,0.0071225491212621355,-0.011465691916726922,0.9996356144057719,0.02326420448794947,0.013689967170813343,-0.022581202951923195,0.9985876459774734,-0.048091606070210104,-0.014789445048382668,0.04776494625466552,0.9987491087477625,0.0004864856746899217,0.07400149064544792,0.00018601026689476143,0.0343243396792184,8.136345586405899e-06
87,0.875,78,0.3497888189755627,0.9493360317393401,-0.09037043699045476,0.0727294018549345,0.027805828409745232,0.4619506022108789,-0.17112944123905452,0.008686109733097396,0.08411184727003529,0.004216691141656909,0.0016493859368664674,0.0008961039257687098,-1.631143206259662,0.7464980029108363,0.1842734569299587,0.9996409060090049,0.023302298196181716,0.0071470674771310005,-0.011134691677348157,0.9996498761354554,0.022594472748111157,0.013770074204717235,-0.0219283003577898,0.9986660430800532,-0.046747021747356295,-0.014807929827869671,0.04642870017633607,0.9988118446505071,0.00048755051265421916,0.07335907565752683,0.00021354219852034133,0.03435210876105516,8.52390996140873e-06
88,0.885,81,0.3083214819995241,1.0108502358917237,-0.4285895358178994,0.021883004231056123,0.02547904464990329,0.19095494687845477,-0.18834726377887615,0.012816448021289114,0.08678628508604536,0.00507017298925461,0.0027164972474698137,0.0006533033206834213,-1.9088502293257357,1.0876102540710204,0.0034824219749592794,0.9996608381049631,0.022579639766789058,0.007190194026621022,-0.010801376631916916,0.99966326274543,0.021920130415047697,0.013887728386910344,-0.021270722451150016,0.998746980261715,-0.045299291214229195,-0.014863293160246734,0.04498863523927682,0.9988769219557232,0.0005412697689705999,0.07249824443899397,0.00030061296727925676,0.03438127339024909,9.510017623152412e-06
89,0.895,80,0.29319948858609657,1.0350492627803298,-0.6683086640172468,0.07078273013619939,0.06914338568765051,0.4845813695501804,-0.2016710449082663,0.026087873798233723,0.08416756602163464,0.0029286121494788387,0.005276099849843279,0.002020772184421111,-1.67691091568453,1.0996899057439637,-0.3989495955082642,0.999681610143844,0.021779686623162802,0.0072711387198739,-0.010462032905929347,0.9996753528183832,0.021234130046979455,0.014081927729860862,-0.02060067755612986,0.9988323822361441,-0.043697646168845264,-0.014993366922390295,0.04339336259864167,0.9989455515846264,0.0005621770685643331,0.0714707266851283,0.0003138266015431218,0.03441464066707731,1.0864866276714067e-05
90,0.905,81,0.33600860542926403,0.9897295442073424,-0.2912406077323731,0.045164725500665685,0.0486759366229942,0.2934676437368575,-0.21517783842982863,0.030411486513192535,0.08040309155791313,0.00547886942897207,0.0012141390490725177,0.0005490702411825042,-1.9884270432969502,0.6933766879117707,-0.14833847328194794,0.9997020013169876,0.020936620359506546,0.007391506394964631,-0.010145547000764175,0.999684867018537,0.02059455360879149,0.014353780539797849,-0.019975540955686537,0.9989174516079543,-0.04201074429949849,-0.015203434403375966,0.041710780797352236,0.9990140471222702,0.0005983848283350748,0.07027992247884389,0.00042106473788594464,0.03445147050029887,1.1877323739225613e-05
91,0.915,76,0.243403224221324,1.1202592096041848,-1.0340777339784248,0.019466002459544062,0.029327653336898404,0.16433930015375006,-0.2334858776010175,0.03718190080482205,0.08179415044912347,0.0052611123761697205,0.0044114778625770545,0.00046108031679111813,-2.0803127565236292,1.2744274513460738,-0.047882031850092835,0.9997224830477529,0.020041786872235914,0.007520460223856992,-0.009834955303660865,0.9996934326643927,0.019965898795654354,0.014642526181124469,-0.019363004951703674,0.9990032008662857,-0.040220376653580275,-0.015430966493500217,0.03992452309292191,0.9990835389139785,0.000607721372969854,0.06881256568193635,0.0004501967613163287,0.03449078067979104,1.2493695007627139e-05
92,0.925,81,0.27867566991338877,0.9980696533747844,-0.6267213756903912,0.06738634158911175,0.1495295065941255,0.5608641009944154,-0.2484628425342067,0.05080232573472972,0.07963697904831164,0.0032649723983731037,0.003389790762040702,0.0016363866784812244,-1.778751139653841,0.7378840896699865,-0.5732934254374534,0.9997428193827944,0.019083542578845845,0.007700975936155968,-0.009529347554453211,0.9996997730096344,0.01934771738628778,0.015034283369215189,-0.01875986977758258,0.9990900198756556,-0.03830403987558212,-0.0157616982084313,0.03801049877076568,0.9991530267445442,0.0006721184850714628,0.06726635265705543,0.0005158608901436451,0.03453335125424038,1.4140909481467859e-05
93,0.935,79,0.1853984386264403,1.1627541002840467,-1.1289150040255185,0.02964160291364061,0.056548282166211536,0.25477811446698856,-0.26194589583547895,0.04898804623954184,0.07262145564212422,0.005858039026749556,0.0021313443193323287,0.00207107734794147,-2.2740055720077144,0.8380358808562413,-0.560317663771185,0.9997631890957592,0.01805249899392758,0.007894354715547615,-0.009238623965542467,0.9997046539816968,0.018757897978414755,0.015451409992851597,-0.018187846656174234,0.9991775102145951,-0.03624231387996915,-0.01611853099222452,0.03595058198129894,0.9992235728873987,0.0006841627219984395,0.0653379877011458,0.0006376077938523954,0.034581082312644264,1.5358262447517316e-05
94,0.945,82,0.1258279610968259,1.2014583287133327,-1.4215666318115656,0.040280195843104355,0.1723986268995638,0.6106382159446733,-0.28484693168633013,0.06421089982842958,0.07067189642797268,0.007805158222119938,0.006991925614453248,0.000643502842817825,-2.3848870606145294,1.0094977007234383,-0.6305961895530657,0.9997833215788207,0.01694036847861445,0.008119257533655617,-0.008967244043261565,0.9997073323827416,0.018205688498745667,0.01593117969484313,-0.017655515641174097,0.9992652249001547,-0.034019010460145375,-0.01653881336816518,0.03372778100512786,0.9992942031458218,0.0007694582117670696,0.06318687255893483,0.0006614605504523707,0.03463248752831321,1.650443105925562e-05
95,0.955,78,0.08082970031016619,1.2487271762949448,-0.9033067016995491,0.055649032767980576,0.18702821450460544,0.39116038153513144,-0.3001040888053114,0.06514000945111685,0.06253191660927516,0.004818130118471009,0.004055271639206062,0.006513483330459027,-2.8099545809945994,0.06373310172436142,-1.6381963410618066,0.9998028078792749,0.015753256945921782,0.008383864859970204,-0.008711547642257142,0.9997076394953729,0.017683805942083526,0.016489952758946956,-0.017155513232727543,0.9993518876665449,-0.03164637393186033,-0.017038893752567418,0.031354228179244825,0.999363091411211,0.0007624805561606665,0.060856033783005345,0.0007839641246243672,0.03470919175716229,3.4161739918450844e-05
96,0.965,81,-0.03588267627184176,1.5550271119085841,-1.8085820990870012,0.02736996889863564,0.03651416596794689,0.1814219672016448,-0.3298062049822437,0.06523062945601936,0.04446075497098378,0.01273216437461968,0.003138614593896693,0.0030321517936499065,-4.412934238836988,0.4438640305582083,-1.4450992008571144,0.9998213814176103,0.014493117067880014,0.008627775991788074,-0.008527385254208675,0.9997056903643237,0.01730181094445501,0.01700529303579817,-0.016801637474517298,0.999434466516766,-0.02912820139524786,-0.01749964660688681,0.028833911916171906,0.9994310220781845,0.0008586353887825393,0.05809797765782687,0.0008769710705046433,0.03485582486957095,5.477994987190637e-05
97,0.975,79,-0.13384427336662566,1.5449218860889546,-1.1872413656982133,0.0560339021373169,0.21842575106815484,0.7192812110617207,-0.37071103662670324,0.07224183394004818,0.039410329395561335,0.00925771189629255,0.005041230577984929,0.005866062671070663,-5.2090198105779155,-0.7338692984084657,-2.6614187279937433,0.9998399773788607,0.013061184700814653,0.008902990234779088,-0.008376267314876739,0.9997011498214983,0.016982421044943297,0.017584323160885477,-0.0165172866455593,0.9995184872001619,-0.02626733688382378,-0.018021939058897485,0.02596904157939079,0.9995002844381813,0.0009361231748588344,0.0552539043995122,0.0008899503212956741,0.03506673329204607,8.223989401043493e-05
98,0.985,82,-0.2344641873785714,2.0179952607753444,-1.8427372412838143,0.013626391777228453,0.07004522327933543,0.2923396015684864,-0.4131505219514904,0.05348872068148391,0.0018780553230838856,0.02082750070926804,0.00467395829682167,0.011841119897548841,-7.8808527509042765,-1.7675371303133414,-3.035623643097072,0.9998577924830035,0.011475070001338636,0.009134880484499104,-0.008322952481745145,0.999694564841041,0.016853184576704254,0.018076149946963004,-0.016433891004650293,0.999598102460902,-0.023098934672650586,-0.018458175796346368,0.022794817967854954,0.9995697534539966,0.0010664409358046836,0.05193038671082593,0.001103586922417076,0.03546572085736859,0.00015901493400026365
99,0.995,78,-0.3064674232272447,2.0468984815690954,-2.234113638377905,0.1103601592174192,0.17642675842141084,0.363898626696528,-0.49680468064117167,0.04396123985503472,-0.009159648893991823,0.028680204885831527,0.0016853376997187726,0.0027914802166466657,-10.183003049174049,-1.728602091996279,-2.7665523774155436,0.9998753283647792,0.009620138668813432,0.009306419282777745,-0.008376826341226802,0.9996864386811641,0.016930622065198644,0.01844934561052108,-0.01657250588915688,0.9996745634248835,-0.019393795137170027,-0.018771690534549763,0.019081962104408132,0.9996416869842519,0.0012264036572673096,0.04838707256996971,0.0010316615374112528,0.036056592767412264,0.00019652322930338725
