bin_id,phase_center,bin_count,acc_H_x,acc_H_y,acc_H_z,acc_H_std_x,acc_H_std_y,acc_H_std_z,omega_H_x,omega_H_y,omega_H_z,omega_H_std_x,omega_H_std_y,omega_H_std_z,alpha_H_x,alpha_H_y,alpha_H_z,orientation_quat_w,orientation_quat_x,orientation_quat_y,orientation_quat_z,orientation_R_00,orientation_R_01,orientation_R_02,orientation_R_10,orientation_R_11,orientation_R_12,orientation_R_20,orientation_R_21,orientation_R_22,orientation_dispersion_rad,left_foot_z_mean,left_foot_z_std,right_foot_z_mean,right_foot_z_std,acc_H_raw_x,acc_H_raw_y,acc_H_raw_z,omega_H_raw_x,omega_H_raw_y,omega_H_raw_z
0,0.005,81,-0.47967750289146993,1.993721279576739,-2.1840009805608163,0.02526083542003473,0.3013112658803944,0.4855633122746685,-0.5993047111701264,0.004305604146728106,-0.058802978260721186,0.02581242627990472,0.009657963389578274,0.030498929960119023,-11.141165295251026,-2.4943579124844404,-3.950493687488896,0.9999279858987534,0.006932389757065203,0.009401462178623785,0.0027527254898261264,0.9998080700225631,-0.0053747053093309415,0.01883973621352854,0.005635403709765051,0.9998887289492676,-0.013812021765333245,-0.01876340434956981,0.01391554034365618,0.9997271089623201,0.0014584998073389737,0.044751127911255954,0.001230761832968084,0.03687147880769486,0.0003171873211509417,-0.6226549164275578,2.4293266507828237,-2.385544946313961,-0.5765190769171206,0.012631154760948124,-0.042386782715564814
1,0.015,79,-0.5996088790791456,1.1062789710338228,-0.8247848869628773,0.062469771555629355,0.41039724540159483,0.5478289225078546,-0.6890440341963731,-0.013221075251890466,-0.08892178173085719,0.04207872024512481,0.009813881704427404,0.011318484576659646,-9.135818087314812,-1.4834535940830647,-2.2347275906325996,0.9999438543551821,0.004307491936437818,0.009376283666603128,0.0024122510490053603,0.99981253269896,-0.004743454690654209,0.018772295962105848,0.004905007755804796,0.9999512531161882,-0.008569264278829926,-0.01873073295433683,0.008659736079272068,0.9997870616356418,0.0017390725294815228,0.04061962179843005,0.0012466134328976508,0.038072708594240695,0.00040437111897222893,-0.5486536627830503,2.3336828325882712,-2.923996862965717,-0.6931913983837618,-0.019507072558905512,-0.11831136676426285
2,0.025,81,-0.7054531016757841,-0.1795522604690547,1.1596300032561093,0.16510849759590432,0.29671448335596967,0.3538396979897143,-0.7454778005671634,-0.01942965335860093,-0.09455861971084278,0.028705748010169403,0.006790630741624567,0.008168585676296605,-4.040265132095669,0.9316968965120543,0.38185598836501866,0.9999536832777823,0.0013946906228658167,0.009309574145038893,0.0020044865928883293,0.9998186277254739,-0.003982819551753315,0.01862387718946803,0.004034755454805155,0.9999880737431308,-0.002751930217616855,-0.018612694634848985,0.002826573883853776,0.999822773334609,0.0020609776069924228,0.036922375863905975,0.0009980707589019727,0.03954391724279046,0.0005042378881964732,-0.593201252290867,1.1541566847062419,-1.533612213862682,-0.8148648582697853,-0.04818213123622162,-0.12603514825287032
3,0.035,80,-0.8596223128246359,-1.3005322117250377,2.0667568785171575,0.16787843496277802,1.281042089779623,2.3146210072379207,-0.7536882763099038,0.001686075092302404,-0.08281208591701689,0.009462157709932181,0.01171196004248297,0.014471829046739418,2.2308457004612468,3.9139586836858156,1.3246268674038213,0.9999543101814637,-0.0016290664343926245,0.009277742438618388,0.0016270179187399681,0.9998225526158695,-0.0032841152787603974,0.018549336039940734,0.003223659043585625,0.9999893979104889,0.0032881741116718797,-0.018559938121059032,-0.0032277938988995343,0.99982253927559,0.0021296379324419095,0.03399755189962238,0.0007380146247738082,0.0414996042911947,0.0006811363543383651,-0.8802703903462488,-2.4251145108200203,4.9533432267058775,-0.8629636684337729,-0.043619559526347516,-0.1487159620275961
4,0.045,81,-0.8566306408246231,-2.3473208807667856,3.1740245309960207,0.6397401207716279,0.11420022355297027,2.7099051425233207,-0.7097842693597834,0.04319368558037213,-0.07336458983238164,0.04166138162670593,0.013140361177252518,0.05063664163641122,8.36712026965608,5.336388280809739,1.2941521779880871,0.9999446991101943,-0.004556489942751037,0.00938959636148866,0.0012932907611168352,0.999820325758351,-0.0026720056847491657,0.018766368484217744,0.0025008712791987063,0.9999551315968176,0.009136762886055484,-0.018789939949602073,-0.009088188973155767,0.9997821477591399,0.0018720915983477713,0.032306341657057536,0.0003203945510382061,0.04402299757411725,0.0008422979872870616,-0.8824852865311967,-4.38981295960259,7.687960812717029,-0.7798500008313761,0.0015293417675219005,-0.03734383879391984
5,0.055,79,-0.8903767233066139,-3.0555550832542764,3.6815223990299764,0.39876402426165214,0.42092639904753587,0.19529577107495624,-0.6198143519954065,0.08706828758525824,-0.06210565106920749,0.04922675264251682,0.044628177031038115,0.03335194255240121,12.327328820230104,4.8089462338895395,2.281559684712717,0.9999268099349148,-0.007190352179404672,0.00967838343320683,0.0010012507382251735,0.9998106527821581,-0.002141536884061098,0.019340951452531414,0.0018631729424128066,0.9998945926649907,0.014399032811236001,-0.019369748834242324,-0.014360270857006703,0.9997092554593119,0.0014643714642708493,0.031787313747043855,7.93352891582941e-05,0.04733134990511413,0.0011783305272262208,-1.3935009721718163,-3.1755731054970915,2.15008942999128,-0.6175714556308228,0.11820979701546479,0.016345886253564652
6,0.065,81,-0.8316063742578806,-2.976074622270533,2.8806966068481166,0.1651066899377797,0.03608311487939825,0.11205177620535645,-0.5125470082361018,0.12013682532260476,-0.03685963487697817,0.03916244818906751,0.007324913038423398,0.014380032974263442,12.49438076155563,2.5152800284619157,2.8504680178379522,0.9999042060118423,-0.009407572443354247,0.010121460608077226,0.0007952456914317918,0.9997938472388987,-0.0017807757711569743,0.020226019403094375,0.0013999022755448029,0.9998217303300266,0.01882944060482117,-0.02025594472890401,-0.01879724441306289,0.9996181072317644,0.0012283613231274517,0.03185781756646452,8.091339705622066e-05,0.051600663778143374,0.0013541140163700531,-0.5336953027829872,-2.900260512620467,2.6123413994285967,-0.4736713636331597,0.1880309798814431,-0.07107388634108654
7,0.075,81,-0.7462963558873636,-2.476846806942751,1.5506047235314928,0.3510971752129806,0.306836273176695,1.204882195409897,-0.4199042598105164,0.1273127680406489,-0.016498162783800258,0.022886152347788003,0.01003445390098065,0.011430012695050892,9.82194485023363,-0.9166821435121668,2.047872896377607,0.999880298957642,-0.01121948194819896,0.010631888385238911,0.0006884261431608117,0.9997729780376184,-0.001615256035294686,0.021245783904862207,0.0011381189160408693,0.9997472985885189,0.02245091646886122,-0.02127667904360565,-0.022421639389198954,0.9995221723483557,0.0009770273501178723,0.032162551769661415,0.00011081654887884086,0.056036200432429975,0.0013307025833394922,-0.7619316647008205,-2.387014327731214,1.003877126307097,-0.36501527144790025,0.17119087878820893,-0.06974045443699962
8,0.085,79,-0.5503956090059535,-2.0223387460532223,1.1031860634110364,0.09927811035008656,0.03250674621824452,0.19700401523448371,-0.3553958906323637,0.1054699110264101,-0.004093668534936458,0.005973202599506244,0.02189199709936451,0.021321195959382845,6.395445416511863,-3.8084623979773147,1.5018030726029883,0.9998571718518063,-0.012730582181591867,0.01109761642650659,0.0006411579176736628,0.9997528636523495,-0.0015646909204260157,0.02217573812188141,0.0009995744486763116,0.9996750423876847,0.025471758441505205,-0.022208387376130703,-0.025443297142948566,0.9994295503739358,0.0008325991698997563,0.0325210048670211,0.00010857787555247476,0.060554344651106415,0.0013494737911677586,-0.5864186451025819,-2.027712205901302,0.9492142657965776,-0.32662694963724986,0.12172312916038508,-0.02248588106644951
9,0.095,80,-0.4758828192941727,-1.597476271341799,0.6450342635052756,0.12417800805401438,0.0767249191385417,0.634217076512708,-0.3175771331463266,0.06637736967301186,0.007530686377847557,0.0017912047255477753,0.028036943030747018,0.02959869258529106,3.3352059979279876,-5.169219996346794,1.0949949324386294,0.9998357483203492,-0.014053454487067088,0.0114264314245993,0.0006430105492873499,0.9997380464046649,-0.0016069715353995914,0.02283103618911256,0.0009646481994987937,0.9996041739088268,0.028116986999018833,-0.022867182267069016,-0.028087597735231926,0.9993438741637577,0.0008062969864594669,0.032856412448127745,9.606290664864726e-05,0.06484005441570523,0.0012162203304588737,-0.45593519467861177,-1.893673882963681,1.0375013961339135,-0.31663625870344936,0.037409055357742596,0.06446352167196971
10,0.105,80,-0.31896583872325385,-1.3196748778883243,0.5103021957204583,0.1390351666931131,0.279625504415127,0.15369736009170853,-0.3020325946655159,0.022762391084861396,0.013426250384081613,0.00795526662352278,0.004651332093231693,0.030945842821014778,1.349806157876065,-5.208586107781514,0.9719704695049557,0.9998159330075889,-0.01528025045724191,0.011582598511109583,0.0006763592676582821,0.999730771899743,-0.0017064395568750531,0.023140263196056884,0.0009984995320933263,0.99953211296821,0.03057054373068702,-0.023181602952092466,-0.030539207739300803,0.9992647147153888,0.0007472900207304566,0.0331441708909704,7.96761248529363e-05,0.06877181989752021,0.0011808892047125417,-0.41399723776476616,-0.9030328010494474,-0.0870038706110026,-0.2950296097400593,0.008995511944270762,0.0783683574978837
11,0.115,81,-0.18191786268107013,-1.1681358009497178,0.40902540013353716,0.028370436760002393,0.024197375941650293,0.08048994725784905,-0.29598023462030953,-0.016960008051492365,0.023082213889926848,0.0009027139832296053,0.010899099776109627,0.019235040095055427,0.5150965112015251,-4.293325848292045,1.1232141459256417,0.999797118682969,-0.016470514378578303,0.011571416988410828,0.0007388763216603134,0.9997311127413232,-0.0018586272146943954,0.023113799382024815,0.0010962784551418123,0.9994563524357727,0.03295144532989959,-0.023162478074344402,-0.03291724594581641,0.9991896489299708,0.0007253803952297877,0.03338180440035223,6.510429438112601e-05,0.07254133634341117,0.0010694709506108922,-0.1611313542240831,-0.7759481390633508,0.3215823998997922,-0.2845775762029739,-0.007431726885548072,-0.012952111777166502
12,0.125,79,-0.08138123752662313,-1.0539402569263538,0.2727246189832402,0.08456570070192174,0.16307587786673386,0.09606576644964074,-0.2937910504862915,-0.04593082248781133,0.03139767671889188,0.002523113804908379,0.011049461769155387,0.00958667149829614,0.15658958993718802,-3.260468393244812,0.9574181578231755,0.9997785910937863,-0.017649323366427654,0.011426647297986882,0.0008377987576857901,0.9997374596495381,-0.0020785717094710223,0.022818661510633113,0.001271881336845873,0.9993755989558978,0.035309977759912896,-0.022877807835394667,-0.03527168483626982,0.9991158662324694,0.0007407571249118746,0.03357035458943238,5.021862122189536e-05,0.07568636045756644,0.0008399668597600836,0.022653238153773535,-0.9980073604638391,0.3302167873830111,-0.2872925790438471,-0.0468840141525434,-0.04026263440582936
13,0.135,80,0.0036888002113376465,-1.0661322056789513,0.28930053327170785,0.003653424559607994,0.02063794656074908,0.02387241544996813,-0.2934748011813145,-0.06912750234340936,0.03840090441509766,0.0027632783888926625,0.009117019323441368,0.026750684489341803,0.09763361427912731,-2.6299243997064323,1.0764792772602108,0.9997597655146273,-0.018826425193039707,0.011182643716793329,0.0009620042055895693,0.9997480460548234,-0.0023446046087978764,0.022323692319845993,0.0015024877872193759,0.9992892805247187,0.03766532037351442,-0.02239613672069368,-0.03762228937237377,0.9990410283879083,0.000790405944393917,0.03371542085486448,3.8648603199112905e-05,0.07816009897230643,0.0006686067387769108,0.09882123510833687,-1.27001682120827,0.4428302878619716,-0.29636514941121805,-0.0768888665213837,0.025793936462776675
14,0.145,80,0.05525581953846758,-1.084252998246911,0.22386502723701984,0.09903169458365159,0.09388250326833195,0.14662585435468045,-0.29222891265782547,-0.08800961288311425,0.04862134515505526,0.002649509792744977,0.009329010947596063,0.021611354355076655,0.3108057124525665,-1.9893972813906593,1.2236020415087923,0.9997404349598005,-0.019999997348776038,0.010853680840215202,0.0011226863572121938,0.9997618743751242,-0.002678937070223036,0.021656819759887695,0.0018106427181079745,0.9991974793627846,0.04001398265613011,-0.021746634656558697,-0.039965241538510735,0.9989643954365354,0.0008743474653505487,0.03382513893255317,2.8902364186162237e-05,0.08000609057505485,0.00047928754059506546,0.0467479310936232,-1.322696162846861,0.3559974903824285,-0.305690338033359,-0.10744501682385221,0.10604083581679488
15,0.155,81,0.08168255316725447,-1.101347948312096,0.18248645157852703,0.0655777912707237,0.19373841257167423,0.01738227111582946,-0.28850190978207346,-0.10095785884565991,0.057978537079238335,0.0070907350597807645,0.005878656576035847,0.023432609499325952,0.7585796210021408,-1.371919846547013,0.7630988720940162,0.9997204135031845,-0.02116189926695794,0.010465239730532648,0.001321968917710766,0.9997774623111262,-0.0030861273240685248,0.02086867683549482,0.002200269928140133,0.9991008528351915,0.04233963481463217,-0.0209805783277774,-0.04228429592807155,0.9988853055535952,0.0008353912496339878,0.03390672631769051,2.1629620263340038e-05,0.08136677548102972,0.0004072187881555115,0.011352950925037719,-0.9639925448124358,-0.004124299168664475,-0.29344836321517476,-0.10698788733371944,0.11338449597891256
16,0.165,79,0.105846339970262,-1.1124349904573962,0.11523268258107343,0.013214379218360403,0.028196418901671575,0.01614868972768022,-0.2800916387217912,-0.10996033042786646,0.060830927108559515,0.003098508331115481,0.0022016967778844196,0.017581006065968737,1.352035349524737,-0.8968439719586997,-0.07922077794993632,0.9996997893522095,-0.022299396967206713,0.010034250057455448,0.0015433372383959866,0.999793863871906,-0.0035332632748466086,0.019993644358024688,0.0026382323736489455,0.999000710010135,0.0446163773651418,-0.020131306316957743,-0.04455443243804961,0.9988041014413668,0.0007559529769809133,0.03396708248514223,1.6338908329951814e-05,0.08247983844381887,0.00032548756587028906,0.09670374241156655,-0.8665521019031481,-0.0055951302736475545,-0.2783481335855284,-0.10184227958407245,0.038150091922621476
17,0.175,80,0.1414660637575277,-1.1264619288302216,0.028166072323378148,0.02960162434761932,0.1453115321292544,0.11200609718323987,-0.26686934418967767,-0.11530736239699911,0.056711004632039354,0.0035256165024501233,0.003896664154792223,0.005592577024722304,1.8424545389027145,-0.5298281943141919,-0.5881157896654461,0.9996789386156881,-0.023393172572274707,0.009575392981478118,0.0017581281140017135,0.99981044166957,-0.0039631249348374,0.019062380996354288,0.0030671296529851374,0.998899336925077,0.04680499339101712,-0.01922689377385433,-0.04673765432060371,0.998722142652508,0.0007568100583809808,0.03401328247899512,1.3181602967311405e-05,0.08325035974448831,0.0002382747636749357,0.15478690629770792,-1.0834821107897656,0.12332390909054709,-0.2686575646650871,-0.11162524396527171,0.006523325215086019
18,0.185,80,0.19049840358749934,-1.1620541413282366,0.004176607807489182,0.010667285709622106,0.021179669992492232,0.057474000711334614,-0.2506123660993478,-0.11843758153689353,0.05142107447391238,0.004725691853093409,0.003232542587763778,0.014702827406878729,2.1718711576543224,-0.26333184547953914,-0.41296685944227196,0.9996583392776025,-0.024424697142707376,0.009101336202318983,0.0019505285348268343,0.9998267222355344,-0.004344318992348336,0.018101171128971923,0.0034551294710059377,0.9987992592158437,0.04886820919800987,-0.018291735403897343,-0.04879719953413916,0.9986411996976388,0.0007461282633666108,0.034049914061187445,1.0699922226340008e-05,0.08366021902205391,0.00017709600786764516,0.21964016912337456,-1.3254520319347702,0.10656144287470351,-0.2543137941098067,-0.1219012244324164,0.0400558866093826
19,0.195,82,0.23160730957008238,-1.197982103738362,-0.047115693407174294,0.02064725274915339,0.09829974917875571,0.07222828351257446,-0.2321194056672085,-0.11952067192467174,0.050103534880963,0.004279315875810814,0.004155642456187567,0.012886541478312684,2.4724333779157814,0.038989901088584515,-0.05080828549304962,0.9996383339781015,-0.02538386587354919,0.008620810713226495,0.0021312478612430246,0.9998422788104013,-0.0046986131283463335,0.017127187098114442,0.003823295116883144,0.9987022342717352,0.05078611695230609,-0.017343584337526766,-0.050712624614727114,0.9985626819519208,0.0007634901113950976,0.03407833618628752,8.7256326610932e-06,0.08375018570919215,0.00015685677735092035,0.22484655002995177,-1.3928308547109876,-0.07933556090604786,-0.23957886537279138,-0.13418017666951546,0.08544122343419408
20,0.205,78,0.2706874066625845,-1.2179890460185037,-0.09046644908218276,0.01681316936639878,0.1531218967427506,0.05379322732848244,-0.21105343205269528,-0.11781374311947618,0.050608141906023585,0.009765879287349734,0.007488223968218609,0.01689641735511639,2.845929950243367,0.37082010725546666,-0.21719246494777097,0.9996191799332251,-0.02626485633469903,0.008142419590448341,0.0023137490264471547,0.9998566951373113,-0.005053454770296735,0.016157097015804027,0.004198016847256876,0.9986096077743205,0.05254738733151228,-0.016400178158900762,-0.052472029269910986,0.9984877166498614,0.0006589379918252818,0.034098941084614476,6.4658088761183614e-06,0.08364943847546716,0.00015083435342529483,0.2565146500748959,-1.141953607302511,-0.12407162174810928,-0.21216347276352543,-0.12263898303319155,0.08693484518827772
21,0.215,81,0.29505905031790736,-1.2086009192683955,-0.14540263900290215,0.011764242044293063,0.02269303980605394,0.040327642474801,-0.18658452646331464,-0.11358755020858427,0.046628455441798666,0.0067780467138040075,0.002604596838594539,0.013219189346343122,3.215263490951135,0.6327046580569938,-0.8223397097883913,0.9996014160189874,-0.027053218037764365,0.00767687193390097,0.002489603170554457,0.9998697350267273,-0.005392589889774825,0.015212920556646626,0.004561853528671557,0.9985238505397087,0.0541230948462525,-0.015482327666248703,-0.054046645387426186,0.9984183780622233,0.0005979454290864449,0.034113263218621515,5.6816898410464e-06,0.08349891888334454,0.00015413646756318568,0.3022482723244817,-1.0461919139537745,-0.2620566363469649,-0.18588333142483193,-0.10725773152296351,0.031562393957874545
22,0.225,79,0.3219400402267561,-1.1980038264069564,-0.18318049737441935,0.02324355130949136,0.07667057225844191,0.18182885797253617,-0.15960921619747712,-0.10769046859056428,0.037450706549409324,0.008564349606779346,0.0014868448625178505,0.00328164305291192,3.477842324375622,0.7661690086024535,-1.2134200499169003,0.9995856354619925,-0.027735752379174996,0.007233942500892642,0.0026373270368864965,0.9998814291639886,-0.005673746120034461,0.0143155935240246,0.004871190768314669,0.9984475450921232,0.05548667587818999,-0.014608186522576547,-0.05541036278962645,0.9983567962317097,0.0005460984283831382,0.034124854124750706,5.237455776046146e-06,0.08325204007466072,0.0001685638872577634,0.3501873917602186,-1.1835168221904744,-0.09342986928449522,-0.16332769659252097,-0.10309059993929394,0.009046360340388988
23,0.235,82,0.3616768978134357,-1.2051581521807537,-0.17289373911171785,0.013108647740643034,0.013997758143375916,0.0668138814123383,-0.1309390492733047,-0.10132884607094501,0.02721373464312826,0.009193523132350378,0.0006041011046010897,0.005567129265632037,3.670217670524745,0.8558212936075815,-1.0477964151711467,0.9995723490266927,-0.028304095583856253,0.006816795107708222,0.0027438183065301293,0.9998920055311206,-0.0058711762605298005,0.013472437206065621,0.005099403379313252,0.9983826992685614,0.056621390714079255,-0.013783082388516674,-0.056546574525245676,0.9983048189552789,0.0005061143043080398,0.034132617416555565,4.664895665638816e-06,0.08288256436224405,0.00018317974255477863,0.34149838739998867,-1.2785113981842298,-0.16811950672889336,-0.13196926616290341,-0.10077025987795687,0.020157454288258006
24,0.245,79,0.3950978286475996,-1.2136303219035502,-0.18134075622221751,0.07150731243643194,0.07452940705028199,0.19659887567625486,-0.1008857334690812,-0.09399732789284297,0.020685963906670976,0.007265916725422789,0.002108343146004454,0.006268030548111503,3.8026972728403887,1.021569902145216,-0.7235184792061709,0.999561814613737,-0.028755689078197633,0.006428661770820349,0.002821598760920291,0.9999014217765375,-0.006010445953295927,0.012689415617013393,0.005271003557013505,0.9983302978521408,0.05752245571911714,-0.0130139636837032,-0.05744989930276945,0.9982635653069488,0.0004727419103466531,0.0341396987474066,4.920857226249385e-06,0.08242232570413528,0.00018635986719817884,0.3592514995741955,-1.3398453904037917,-0.268224852763634,-0.10470231404360393,-0.10469476857941551,0.03955247897224736
25,0.255,80,0.4316570907294013,-1.2019215619376782,-0.16561908721967544,0.013771906988454406,0.11038500573592752,0.0841998329152966,-0.07009589290785846,-0.08498372763662156,0.015637438975829525,0.012249772358322074,0.008076094728145813,0.01169954344794281,3.8910189663106602,1.2933145415060754,-0.8303722889767805,0.999554366367141,-0.029084494408181633,0.00607214150793924,0.002879228874439221,0.9999096782771923,-0.006109101917898837,0.011971389282722641,0.005402681254965451,0.9982916044522181,0.058178032928875974,-0.01230635294711665,-0.05810810058823861,0.998234442565056,0.0004136619119544105,0.03414730178783911,6.673687678926597e-06,0.08192826484813183,0.00017553404200156613,0.4551989380082938,-1.1777252361714974,-0.07263783043460177,-0.06881263814266318,-0.09083087043509516,0.035749985656872374
26,0.265,80,0.47083637794608607,-1.1773189349163524,-0.15731911868780216,0.009612594244947176,0.014768990704930459,0.06262872640891683,-0.03862943000811063,-0.07330429522874576,0.007400007283042487,0.0081821821031661,0.0045092805998064815,0.00816491173794784,3.9196603097990286,1.6453679130001788,-1.2285804302376016,0.9995501773097749,-0.029287987009204087,0.005759916139024451,0.002912082247752231,0.9999166862861074,-0.006158937352270487,0.011344072342018846,0.005484151956055075,0.9982674671878621,0.058583171915266644,-0.011685228450186451,-0.058516078517118666,0.9982180743660402,0.0003686516773595578,0.034157510916665454,9.052941285044869e-06,0.08146110448240548,0.0001660297679097911,0.4693529264953013,-1.0885527625677585,-0.3042917218994633,-0.03561675240371445,-0.07060014063245337,-0.0010764597244118737
27,0.275,81,0.5064230402828122,-1.1430175972964844,-0.15805178181004026,0.0320680163565377,0.0385399904460614,0.2863609634383628,-0.007381327951074011,-0.05865784102861869,-0.004019847907972102,0.009832819327885635,0.004653504223521864,0.0030201713963192525,3.8655310379919583,1.8518220375439673,-1.438661641327514,0.9995493676695739,-0.02936541646667444,0.005503614937435523,0.002905878475469987,0.9999225321858125,-0.006132369874781311,0.010831604997953555,0.005485906095941293,0.9982584563720491,0.0587363525936042,-0.011172934324488439,-0.058672381248868324,0.9982147650767184,0.0003542581408190532,0.03417088795447934,9.948234822277295e-06,0.08098115686082374,0.000164258447202978,0.5329837021692271,-1.124973022361113,-0.0148215242717848,-0.00937849378640727,-0.05802259865818686,-0.01619626431381824
28,0.285,79,0.5348297155503811,-1.121564817108779,-0.12209650312228401,0.005998984447375937,0.009570722986983252,0.09585873642661048,0.023219066599760703,-0.043675142628042285,-0.015618578978197737,0.009426121060935804,0.004190350427206372,0.0013015645684277316,3.813862470504199,1.8652063953672673,-1.3088616631173506,0.9995518620374907,-0.029321012630588165,0.00531037445975358,0.002855387679347299,0.9999272933685956,-0.006019627256676179,0.010448543642303314,0.005396805030245829,0.9982642499590351,0.05864607189906857,-0.010783435075148786,-0.05858541918784816,0.9982241562828281,0.00035652515642996637,0.03418713372369069,1.0041608025620823e-05,0.08046518473689922,0.00016934603810027217,0.5373948234834124,-1.1554982630776014,-0.12661966406952693,0.025363048335835702,-0.042373097838577914,-0.02102970417567719
29,0.295,77,0.5560394472654306,-1.1024803661696942,-0.120750729246386,0.0497099429431933,0.029169351729797625,0.2859205161123527,0.05364047157699318,-0.028814538702742417,-0.02496163451784971,0.006391184955175353,0.0027774477339218705,0.0026846024955510194,3.775723487921329,1.9116295403309356,-1.1698658599739504,0.9995577172057435,-0.029153710242496744,0.005174802299614875,0.002766328740317841,0.9999311376929207,-0.0058319398550358385,0.010183729654126717,0.005228481107815127,0.998284817208794,0.05831026252478927,-0.010506324640249587,-0.058253001707481725,0.9982465652005129,0.0003675148075287511,0.03420481867797343,1.030525594877662e-05,0.0799316149196459,0.00016446503962342233,0.5371848112578258,-1.1683387023044518,-0.2718881683748245,0.05153819624157917,-0.03146249757878015,-0.01754679698282558
30,0.305,80,0.5825336625547283,-1.0817462022011564,-0.10540812050874068,0.02015764846155557,0.07238686605220852,0.14645484743954407,0.08363064240650196,-0.013089069982747316,-0.03433643273778095,0.012490747667098588,0.006748909538096633,0.007242510327666836,3.7337330054576454,1.9736649277909932,-1.211669511702969,0.9995668072061835,-0.02886452773534236,0.005104052875403162,0.002643031308437339,0.9999339260594954,-0.005578424884210843,0.010051103971941023,0.004989120581071929,0.9983197068482366,0.057731028002960205,-0.010356263373972094,-0.05767706731676177,0.9982815753657215,0.00040904800024169725,0.034223956787652915,1.0580372510095971e-05,0.07938070575907609,0.00017701151329427696,0.5972323143461384,-1.070461335232971,0.10713856300417948,0.08418933461151037,-0.015917378432213112,-0.0222436696942558
31,0.315,80,0.6063902421246692,-1.06104792901757,-0.1022478285183498,0.004321111077388681,0.003443426937213673,0.10524053721046808,0.1133801996643155,0.0027641001419134734,-0.044348346705097214,0.007830510728237261,0.005784018582040981,0.006809728607497541,3.702957142574248,2.064640095533938,-1.3365711026895455,0.9995790291935721,-0.028454368996281686,0.005094410693311459,0.002481987338307488,0.9999357734370807,-0.005251801471564449,0.010043285423130642,0.004671968504820099,0.9983683772477518,0.05691006960091173,-0.010325778957403843,-0.056859492549563975,0.9983287917294227,0.00047031743561513824,0.03424450252685213,1.1038158438126295e-05,0.07879484589604484,0.0001790120159494803,0.5754015850705487,-0.993130507872334,-0.2975628525199732,0.11649027248244792,0.003702878994045946,-0.04779173742267174
32,0.325,82,0.6288368447766983,-1.0400745905413749,-0.11313926930067396,0.06310469120195879,0.014512435742707091,0.4198112658747747,0.14287795668768993,0.019945171545795694,-0.05572157038081368,0.009463463011662536,0.005178213632898273,0.003089308159421099,3.626911711091911,2.141655573493488,-1.4342291320571243,0.999594110856952,-0.02792587597057431,0.005153387310549327,0.002280699586367456,0.9999364820172484,-0.004847373460059055,0.010175210145630033,0.004271722040608127,0.9984298877213457,0.05585258897803062,-0.010429972280730185,-0.05580557566480038,0.9983871761010071,0.0005329108124346971,0.03426885256131813,1.1890581743060008e-05,0.07820583981263378,0.00018894932356150931,0.6654547786157159,-1.0213022025184229,0.061891519416441686,0.14057236036113663,0.020604744941788652,-0.06307025541347443
33,0.335,79,0.6564557812995254,-1.0251224149365743,-0.10720718571402613,0.014659468987047565,0.009686128797126199,0.14848074202635705,0.17141078704178608,0.03703058931780928,-0.0672960128180112,0.009282438889668778,0.005417543346974007,0.002070436755338412,3.5123046060886836,2.102468648903638,-1.3126970778455826,0.9996118088375113,-0.027280086418841918,0.005281161137918378,0.002034171726912639,0.9999359429648416,-0.0043549052233190205,0.010447237314672035,0.003778623094382049,0.9985033180607319,0.054560478638108444,-0.0106692068366758,-0.054517507483420345,0.9984558124440317,0.000597749611906106,0.03429601437081764,1.2902616135220368e-05,0.07754914079545581,0.00021450744785137405,0.656677721333117,-1.0520068971596708,-0.1108182041175725,0.17411083462490348,0.03689275278472603,-0.07108927401225852
34,0.345,80,0.6760936391622114,-1.0271725742400921,-0.13920785815593908,0.06341230937972119,0.027884396213537915,0.39585079190498146,0.19907483038510887,0.053584669928253906,-0.076724723626343,0.006115957726201044,0.005655230358168669,0.0007042748339713782,3.3972772658912698,2.087509246046464,-1.1169909045397373,0.9996317403152706,-0.02652015056329081,0.005477791955667045,0.0017490464986315124,0.9999338692632721,-0.003787348525476045,0.010858779458485067,0.0032062610558013516,0.998587244900892,0.053039930347691375,-0.011044319364428684,-0.05300160669633021,0.9985333508187816,0.0006617847303519684,0.03432934236822553,1.4852983451138372e-05,0.0768547814986041,0.0002185782769809948,0.6494178245179718,-1.0634720099234747,-0.3263453722864452,0.19902698135845115,0.054442859440630945,-0.07441291536140791
35,0.355,80,0.6871671673461045,-1.011004557982789,-0.16354031386706386,0.029008845903328084,0.004383273877632697,0.21960307159289383,0.2257672232960464,0.0704307372545527,-0.085167867290647,0.01043733702299233,0.004448984830362751,0.004236387833340854,3.2387886471465164,2.026327323945965,-1.0427978751568243,0.9996534271452716,-0.02565198333091343,0.00574051957325281,0.0014310076634609218,0.9999299973041924,-0.003155534854907443,0.011403643760534349,0.0025665120052919895,0.9986798559365153,0.051302615554645124,-0.011550476499452386,-0.051269756644638835,0.9986180443724393,0.0007367406524917033,0.03436751732704398,1.686928318435729e-05,0.07612108368912604,0.0002596241160047784,0.7353269969602734,-0.9957004572089696,0.13679898093741855,0.22685348638199127,0.06950971042785482,-0.08011588188024342
36,0.365,82,0.6904896582827851,-1.0009022909917473,-0.22645948866316157,0.009556475242248442,0.005118237170154464,0.14634205888312765,0.25089544873945313,0.08600590711138935,-0.09340948962885219,0.006870286605991321,0.006186873279669006,0.004364842481084781,3.0851912448128602,1.9527077199765885,-1.0570573408028165,0.9996762865760587,-0.02468380172413174,0.006070964836981306,0.001084147542428684,0.9999239360201088,-0.002467302163251778,0.012084477402380571,0.0018678841940108887,0.9987790691131,0.049364786135535826,-0.012191520934288628,-0.049338458849103095,0.9987077066367838,0.0008226128531095326,0.0344119251735114,1.9342109855625128e-05,0.07526707928155586,0.000281568554193311,0.673590874383979,-1.0033813043899227,-0.4575662147295379,0.25481048919906185,0.08647328204626903,-0.09493529146433068
37,0.375,78,0.6908057343187107,-0.9921563245065816,-0.30987112582938614,0.045839592353358216,0.06390540229011063,0.4900973565688617,0.27513028321305216,0.10167406077417812,-0.10208078474349207,0.006876005877761964,0.00396849326340153,0.00196263667031265,2.9220140302576025,1.874624509578586,-1.0442134699010186,0.9996999771281061,-0.0236156687736522,0.0064621826981849035,0.0007043530454522146,0.9999154881631253,-0.001713500979167703,0.012887220254703955,0.0011030659145470601,0.9988836081503211,0.047226270381897535,-0.012953755327588407,-0.0472080637496426,0.9988010807662968,0.0008515659683712125,0.03446262772180913,2.0505524321829468e-05,0.07440634999034591,0.0002828762086527552,0.7208224195351814,-0.940462121231908,-0.05977075913918211,0.27403432491582413,0.10483508157328274,-0.10528597373499445
38,0.385,81,0.6681799212235342,-0.9740642404212324,-0.4137331889605286,0.014592698128004155,0.027280376335280163,0.20986553085297607,0.29764767322357477,0.11599989926464672,-0.11011690514726849,0.007634277442506927,0.0042616057249182685,0.00229497188936129,2.756490728027725,1.6777640419067386,-0.9225021653909643,0.9997239358955725,-0.022453101392361438,0.006915520160658443,0.0002929440858206861,0.9999041795293402,-0.0008962761796443407,0.013814067061034833,0.0002751766782516061,0.9989915448432538,0.044897857515530756,-0.01384037707407973,-0.044889754072604995,0.9988960676375437,0.00094075492742778,0.03451870594067736,2.213824399316414e-05,0.07338497921114459,0.00035560730824751077,0.6732901760165196,-1.0014955622044612,-0.4254140780980612,0.29975196184193714,0.11476860206890918,-0.11229738570328447
39,0.395,79,0.643470054181537,-0.9839707886240218,-0.561180303334831,0.025836881031324442,0.10896732991941833,0.4554649811160279,0.31923413486149577,0.12851828544468594,-0.1168408193897475,0.0049216180755030465,0.006852343257458855,0.0008326622322421421,2.6944682822802255,1.5202813165765212,-0.7735361100257403,0.9997476077376227,-0.021204785327086986,0.007420024779401134,-0.0001453767720504213,0.9998898441957345,-2.3999904981681253e-05,0.01484246941160608,-0.0006053602252937868,0.9991006718896526,0.04239670940818819,-0.014830138678634582,-0.042401024205192046,0.9989906006230105,0.0009887955926991493,0.03457947652100719,2.3301970945237794e-05,0.07225386463568492,0.00035536936555315905,0.6509982046975998,-1.0197421774976463,-0.7434035581175681,0.3202011537264463,0.1327836277545748,-0.11776939093460734
40,0.405,82,0.592733846990478,-0.9732577716906934,-0.7204713505459533,0.037269556378929806,0.06347241740757524,0.3279563333873485,0.3407591657400584,0.14032440032987106,-0.12249348290768033,0.007328790122810999,0.0012154162109054916,0.0019865479874910373,2.62683791702157,1.2921773317956902,-0.5128307742440115,0.9997705293949206,-0.01987251549918077,0.007975333928746869,-0.0006047560334867098,0.9998720566377299,0.0008922546252872316,0.015971043695386433,-0.0015262144137278893,0.9992094347957495,0.039726264419424485,-0.01592297160079168,-0.0397455569446744,0.9990829543529196,0.001063456992968978,0.03464349897872915,2.4607137677863925e-05,0.07100506326364155,0.0004566302231978549,0.6221979314843907,-0.9052400367822239,-0.3825113347182935,0.33944043643460425,0.14113890288019787,-0.12029648389912549
41,0.415,78,0.5242271488308397,-0.9959445372709967,-0.9326282937927877,0.016880056763268935,0.031030553127721693,0.17903619753816866,0.3612635415338409,0.14919312275341698,-0.12504611177765168,0.006611429304067161,0.004873928498152342,0.002609724600635337,2.689825114050304,0.9971274829227682,-0.21107550527088223,0.9997923765757619,-0.018455020661991398,0.008570348628675459,-0.001079387668243513,0.9998507680932892,0.0018419952021141537,0.017176978690531985,-0.0024746590462048548,0.9993164942692542,0.03688387647756967,-0.017097298203653053,-0.03692087939205902,0.9991719226734969,0.0010825952859417956,0.03471022315321209,2.4158765103732443e-05,0.06948472559552266,0.00048210970216059723,0.550041539173993,-1.0529140454038692,-1.1948017866010499,0.36274279738866694,0.14906521294646505,-0.1285548626767257
42,0.425,81,0.4427149299115301,-1.0258251193581667,-1.1304532204743893,0.04884703378822847,0.19202561306610966,0.5290386599650254,0.38379636756486324,0.15627844005663535,-0.12587069099201445,0.004748070381277665,0.0037082314732312834,0.0013065100937847262,2.9297234440747997,0.6751538048890369,0.09548547655205494,0.9998128345467624,-0.016949989066490964,0.009196080080018964,-0.0015575164128007845,0.9998260125075714,0.002802702885449122,0.018441517555381266,-0.003426196712692709,0.9994205440265393,0.0338649871368938,-0.01833591801070985,-0.033922279319526044,0.9992562599636154,0.0011662094317017792,0.03477924243837512,2.561876625230877e-05,0.06789116450556897,0.0005369803254060073,0.4671413835798866,-0.886897036565266,-0.8562259951947941,0.3816594793086368,0.1638656559992083,-0.13354929132465862
43,0.435,79,0.32206025011254635,-1.1124756808851657,-1.2853506156899779,0.02683731249990036,0.0750860351919813,0.2678437629607048,0.4081391166390377,0.15999558363164157,-0.1235183441528188,0.008316019790242645,0.001076843402568662,0.002941947378922339,3.3984778863173326,0.1789029730067653,0.8163742295430043,0.9998316656116937,-0.01535045689600539,0.009842351339194406,-0.002032740353856692,0.9997979921735394,0.0037626271675299913,0.01974379605236975,-0.00436696552748057,0.9995204628794754,0.030655731882979126,-0.019618982079639156,-0.030735759661955186,0.9993349831863995,0.0011852042447634483,0.03485952103485717,3.019236238220918e-05,0.0659133114950308,0.0006716750990636464,0.3307566852183283,-1.1149293901059778,-1.4861987943322321,0.40227384081085016,0.15911221418663887,-0.12506053005314122
44,0.445,82,0.20658181400076622,-1.2515690825167782,-1.489310011943439,0.0772144593185869,0.18709566084347118,0.7425170376409596,0.43817201374594056,0.1591408876247436,-0.11280870331932638,0.010260412447772862,0.005242347553323459,0.0010240077566279798,4.320925008576084,-0.4053224920381026,1.631159564124458,0.9998487804741127,-0.013645052237167379,0.010493167140053678,-0.0024743033858854306,0.999767542532251,0.004661498818282311,0.02105068473448942,-0.005234218073319753,0.9996153807443992,0.02723405111970814,-0.020915636738685392,-0.02733790423564133,0.9994074119856318,0.001292251523605346,0.03495034633118424,3.433024115009118e-05,0.06367144444009143,0.000714042369579304,0.24343711010105187,-1.1691450879334964,-1.7325281915255768,0.43286528388155815,0.16821021427066665,-0.12189228700642121
45,0.455,78,0.06342225372606311,-1.4094848449856359,-1.6023445365757585,0.030270412381118068,0.2201411662125413,0.4512398229849997,0.477273916776255,0.15351042375903193,-0.09741979112682747,0.010894020121175447,0.007635513103360718,0.01095692203692405,5.430712875306384,-1.1851236671850898,2.4480694553425932,0.9998644311608628,-0.011793952679155718,0.011128332528250065,-0.0028604535841143734,0.9997359560408676,0.005457637537012957,0.022321119854679286,-0.00598262564595732,0.9997054409709899,0.023521043416033033,-0.022186175637831422,-0.02364837173069563,0.9994741257906851,0.0012794095965823337,0.03510014985478596,7.409385451058174e-05,0.06116323858584501,0.0008658250953880975,0.01892453248947219,-1.338492844417218,-1.1569983107962352,0.46115418180547635,0.15972462075522897,-0.1085347497031472
46,0.465,81,-0.07249269700076913,-1.6152262798091792,-1.7636598045692016,0.008458655891328676,0.06418097776039669,0.1962500904808367,0.5250634197508427,0.14017890894978216,-0.07363959203384489,0.020195937395119476,0.001954343387561815,0.008353333307385621,6.989398279269792,-2.2117520516843814,3.1404529048993868,0.999878607557916,-0.009765750683296479,0.011721603601249117,-0.003162952837126898,0.9997051994767306,0.006096197240359147,0.023502138591986455,-0.0065540782738720636,0.9997892516858836,0.019454980631212003,-0.02337858415666483,-0.019603280148676995,0.9995344682452137,0.0014183646949903,0.03540276338074996,0.00011979929077008383,0.05811107312130901,0.0009921634057957647,-0.027350641384907726,-1.748381053561932,-2.214598767868356,0.5129072829231812,0.14479173291197528,-0.07500665850926364
47,0.475,79,-0.2112224893766932,-1.8010481144986,-2.0125109212200245,0.1594353153650453,0.268838172254734,0.8453229194857993,0.5891042892445717,0.11812239093208182,-0.04717254464843728,0.016028652743042444,0.010275454393559431,0.008578581019414376,8.67927221293279,-3.274351720633031,3.7226894848749295,0.9998912804926048,-0.007505927910216114,0.012239718506098762,-0.003358203680150515,0.9996778235178682,0.0065319362663051215,0.02452718848932631,-0.0068994180452975834,0.9998647670284986,0.014928016803399969,-0.02442636275040218,-0.015092430674324716,0.9995877006741962,0.0015286649978652285,0.03582634280596702,0.00017069742899750474,0.05487196343095239,0.0010471065701018576,-0.24865641779362904,-1.676475848909554,-1.4213986183563916,0.577168994460209,0.13571333667064991,-0.05660473036216402
48,0.485,82,-0.40914087685813394,-1.9870187032226787,-2.4761190828433643,0.02330088426618018,0.07626687309060078,0.36914598935106224,0.6639317751577674,0.08778928141965367,-0.014076560275846015,0.029350570003391724,0.012923078174515164,0.015489713302891854,9.546438616199408,-4.254301838175492,4.911758268507427,0.9999017614723172,-0.004965460132295758,0.012649879859706073,-0.003433969971755034,0.9996563767795362,0.006741640298958401,0.025331376790247086,-0.006992890195445208,0.9999271041118153,0.009843066050437109,-0.025263171826286082,-0.010016823280775267,0.9996306494904191,0.0017057911085952351,0.03652011218211525,0.0002836072030293044,0.05099673474823157,0.0013145375912178823,-0.3488180684158329,-2.1436365642236948,-2.292775134299448,0.6412213556837888,0.09245464014038995,-0.0061595345882283535
49,0.495,79,-0.5977019290341242,-1.7598249352126354,-2.1559347756178715,0.26600237695443996,0.17623812361095634,0.09818416289355361,0.7418473071037622,0.05005356152127395,0.031415587647681556,0.03803523079325907,0.008903434590137906,0.004510564432717586,9.008882060879957,-4.992759414128455,5.65184882420483,0.9999087196807999,-0.002116785221068951,0.01291968114457805,-0.0033396655152710722,0.9996438569467371,0.0066240249588581015,0.025851142373130496,-0.006733417719289165,0.9999687317091479,0.004146889173302896,-0.02582286495470634,-0.004319478827650277,0.9996572021189006,0.001909549156922266,0.03748148834222773,0.0003442355732766784,0.046749652686150944,0.0012746778207662266,-0.4502118517785684,-2.0982542613806,-2.9767837747796926,0.7530696313502033,0.05792762418216505,0.010442949920616876
50,0.505,80,-0.7997471295898592,-0.9543655533609634,-1.2332806026420366,0.12916181640074245,0.4287991622397076,0.6502670275093299,0.8080738881318467,0.007905130793598392,0.07635302091143127,0.022689161349367014,0.0215603719080462,0.039720010027692265,5.821172754300441,-3.9460869845009423,3.7809713071491307,0.9999100017814616,0.0010193278770966197,0.013023033160641125,-0.003057763132296786,0.9996421013838472,0.0061415253596143245,0.026037488495308785,-0.006088426396634344,0.9999792221106115,-0.002118114980145723,-0.02604995594811802,0.001958829577468575,0.9996587231559516,0.0021141400591571627,0.038706041162348895,0.0004762141004200857,0.042372525912767314,0.001454689687931752,-0.9706674049177317,-2.268345788037612,-3.475039118912933,0.835291611371454,0.008059073193088167,0.056945172159809064
51,0.515,79,-0.9681958870922656,0.5323646501873679,0.8591957089024984,0.13310905809361614,0.39513690519065964,0.7771291481817861,0.8349860711725693,-0.01308383023074113,0.09191112856206765,0.013881242737199465,0.011422121388893189,0.013956411228860295,-0.5064974218638648,-1.842089669053482,-0.2627259556589635,0.999902488108951,0.004339799486816106,0.013005259559518714,-0.002653985254833975,0.9996476391721133,0.005420333356950539,0.02598494725643707,-0.005194572481901301,0.9999482450053627,-0.00874778414373525,-0.026031018311824857,0.008609721075310243,0.9996240587284075,0.0022885438248641705,0.040339179336306936,0.0005926062752213045,0.03789999543469609,0.0012365899447755295,-0.9701559022648591,-0.6124122135117155,-0.6136772317408928,0.9024849426531557,-0.04388686657992334,0.15245408110837422
52,0.525,82,-1.0059267862866952,1.828116287670701,2.8458025768410016,0.5526950026962336,2.3313054774586974,3.322116599388747,0.7999699293820248,-0.02156830391125732,0.07214940562088785,0.016404891068934634,0.01186173407947774,0.003753524439577467,-7.1553999923168465,0.22999184509700846,-3.2967132827673327,0.9998847160784197,0.007610463847063849,0.01293930475779364,-0.0022824953878991692,0.9996547292143784,0.0047614127278903864,0.025840884430735886,-0.0043675162836290665,0.9998737421096735,-0.0152782407727576,-0.02591036782525867,0.015160105159028457,0.999549310464835,0.0023617553374244713,0.04229975568440512,0.0007179262140991093,0.03441894408950508,0.0009563909965117083,-1.2588824205723037,2.3508210603488067,3.191872246522783,0.9083018996006315,-0.07502881696772788,0.16808243595658454
53,0.535,80,-1.0246542103840661,2.6914870999368246,3.9951422684360405,0.31599919257607706,0.14477414733438518,0.23438322713265627,0.7204996712954997,-0.009403960709188995,0.03916371603779033,0.05662067338167382,0.019160802533614532,0.052494355327422366,-11.5689653517309,2.4949437120428333,-3.7397755074082846,0.9998585618048814,0.010621467216046523,0.012880201445655078,-0.002035001319898778,0.9996599183606947,0.004343040260752256,0.02571352998681185,-0.003795813711187854,0.9997660864076129,-0.021292352323672888,-0.025799988786027513,0.021187507415903008,0.9994425696897956,0.0018986201453484966,0.04472490378583422,0.0008594137389522316,0.03228713158020155,0.0004217048077616389,-1.1910618559278645,5.29001445351796,8.169606423423227,0.7757822708874016,-0.012490164981307651,0.07163100366495351
54,0.545,79,-0.9450468710472416,3.158313858992264,4.623055367877093,0.5223912039338137,0.510767467458852,2.2425216747208876,0.6148664837543304,0.018350795481428015,0.012312997502355304,0.06012203123220317,0.0024669915551325974,0.04172166350037837,-13.86657374218369,3.6135831203497593,-2.9779445340533512,0.9998269532461851,0.013252670727656754,0.012914086320150397,-0.0019122383614315077,0.9996591394379295,0.004166107177080063,0.025773018628154728,-0.003481522642082104,0.9996414201260667,-0.02655014441454437,-0.02587438768958211,0.02645136516948745,0.9993151861862001,0.001426888592173767,0.04755406473984921,0.0009479218429947991,0.03158734417143837,0.00013536968264606818,-0.6388663477507168,4.380503926036065,6.956250564912823,0.5779889223974812,0.015505255779584124,-0.08836566478528204
55,0.555,80,-0.8155623003715157,2.996673135184672,4.199696203576509,0.28029030417322054,0.4416290270525017,0.11055046896680981,0.4986344914205607,0.048413369216407154,-0.008483396507063293,0.024894122055159177,0.022818029403646,0.04111529481526614,-13.25338198508495,2.8203374982072202,-1.8802339862886563,0.9997938226422701,0.015427895703286003,0.01306637881254738,-0.0018873222439560289,0.999651415518949,0.0041770397007643845,0.02606913482070093,-0.0033706927826059564,0.999516836097832,-0.030898750575790886,-0.026185604463653915,0.03080010870626738,0.999182499557791,0.0011699792166122377,0.05079491840149288,0.0011461807743123602,0.031587391749855705,9.370175934052206e-05,-1.0643045254045864,2.0485082732930064,2.2716593390622624,0.43794032093882806,0.06888078920342976,-0.10798327575567859
56,0.565,81,-0.6842528787789166,2.2393468146203865,2.7513046304389634,0.07198805793494059,0.03963140284891063,0.03904818847160248,0.4028123719929712,0.06347619545274354,-0.017770746278263198,0.016354217259357186,0.0035465823995774245,0.027135130377148937,-9.728830473047758,1.1808694347127278,-0.00870162563226882,0.9997622379592137,0.017166608341869144,0.0133057497322503,-0.001931872895497495,0.9996384497823567,0.004319656327607586,0.026538844849352983,-0.003405997950213701,0.9994031508503051,-0.03437646358259682,-0.026671499670806093,0.034273643513548786,0.9990565291641992,0.0010348792902176046,0.05445673193052907,0.0011612207587778061,0.03188085576344016,0.0001185479880576819,-0.5721192055807367,1.721721581765482,2.5258882654643626,0.37431900494730924,0.09488691437316171,0.018200488431199147
57,0.575,80,-0.6554820664222537,1.6569357627504209,1.5452388701819926,0.0982825533588388,0.11100320871674825,0.9913722895736108,0.3429732038517966,0.0673072801718108,-0.008622622517179594,0.012111554998658514,0.005186312051917643,0.006290035117849241,-6.251451461286337,-0.4230129206361571,1.1642567295782842,0.9997328174861725,0.018607537340574534,0.013570986111034378,-0.001970160209913229,0.9996238936094428,0.004444312896730384,0.027061400702354476,-0.003434222373492422,0.9992997560457328,-0.037258605497633976,-0.027208040021045977,0.03715165743025299,0.9989391757801864,0.0009290248447898897,0.0578721205076708,0.001042163837560697,0.03226666364087584,0.0001197824975895914,-0.6114595671936738,1.5426174413108453,1.075076425019866,0.3271419379317836,0.07528405170716782,0.06410046590949152
58,0.585,77,-0.5735356434560895,1.4631386154115962,1.1355431344642604,0.048492363398913454,0.029013882921257426,0.1049152411487503,0.3027891486123898,0.05670798872256502,0.0008573613949893512,0.0067428441870535,0.006657592403006224,0.019249307926754687,-4.786232781544573,-1.9997674979634616,0.24074153357779657,0.9997050505901067,0.019873171445132544,0.013820718658973073,-0.0019638271548764225,0.9996102622373105,0.004475818873241348,0.027555229544845683,-0.0033771728276224904,0.9992024008792363,-0.039788902735088984,-0.02771133943979555,0.03968033672467939,0.9988280895849238,0.0008234822421435084,0.06105059650575726,0.0009541069212410811,0.032637934352182145,0.00010885743143428221,-0.5345147479648691,1.5033828506965348,0.9276485577355041,0.2966716737494537,0.06282396620037424,0.025194254808954007
59,0.595,80,-0.5490679308885962,1.308348907928589,0.6926639933047765,0.19441751870376742,0.05624233834158761,0.3294607510560871,0.2663934793470834,0.03531100020439541,-0.004770757979934849,0.004480470780131208,0.010262472698271895,0.02123462212572733,-4.2933883728375335,-2.8976763010450077,-1.0811517485848956,0.9996798802782774,0.020986444460743336,0.013995111427906699,-0.001960349924268683,0.9996005877685898,0.004506860012600251,0.02789898108384327,-0.003332029497785538,0.9991114523541411,-0.04201432320322089,-0.028063544183080415,0.041904581940709576,0.9987274120100332,0.0007911839080227271,0.06388289475060242,0.000822177173234558,0.03296497285026507,9.638825797830431e-05,-0.49501228596740265,1.468448666686235,0.9259217636279666,0.2787930816916082,0.03466067937492044,-0.042625045979864044
60,0.605,81,-0.48518660153077997,1.190551510737479,0.5185605926852913,0.13548315346750192,0.19030676637525895,0.05387324950432137,0.23409493464698927,0.010345167905844905,-0.01644106658236898,0.017906980830258084,0.005173263716073816,0.01701953343201208,-3.7402039534307225,-3.1847536123158156,-1.2308284761625152,0.9996576718612777,0.021964395901104355,0.014075375880707711,-0.0019970466710794083,0.9995957911968206,0.004611040308220552,0.028053387119528164,-0.003374411795017674,0.9990271542345862,-0.04396997210576826,-0.028228842814394445,0.04385753537558123,0.9986388982130326,0.0006815606605178542,0.0664276814854738,0.0007748806942847385,0.03324045703118799,7.802604579627701e-05,-0.6545724105737655,1.079522536598884,0.2231806604736015,0.23702004474179428,0.015884331957200893,-0.06058335619483387
61,0.615,80,-0.41144851514484093,1.0869822877094781,0.3617984996468865,0.02564442101242561,0.010331265604824651,0.012219681870974037,0.20655021609219185,-0.015645057592657635,-0.024464013598535093,0.010441801566470786,0.01164746996575421,0.010699947035202932,-3.20451987297893,-3.1138407241777597,-0.5613352119770629,0.999638502836123,0.022828524491324,0.014050817427284003,-0.002072835432172946,0.9995965557657925,0.0047856910756098135,0.027996836644408087,-0.003502653356562314,0.9989491236456403,-0.04569879415335832,-0.02818611574212746,0.04558229402450125,0.9985628659983483,0.0005712681342171024,0.06882617230597751,0.0006797761008164908,0.03346029124675133,6.058514503855489e-05,-0.44978064274326995,0.9477730443504454,0.31149255966694367,0.19234065862077715,-0.012098028217686367,-0.009940108443421861
62,0.625,80,-0.3388164715255221,0.9945874210731739,0.17437590645306075,0.08796949583085771,0.01951215573710305,0.04633465151060368,0.1828226166793264,-0.03947628368099926,-0.025422429974001987,0.00512100544438112,0.008438296458958033,0.0030597577366781718,-2.7127683595957794,-2.8224159049857165,0.053534375785784696,0.9996221569743231,0.023597926281236557,0.01392866058261512,-0.0021618454156758235,0.9996026376775461,0.004979432166175672,0.027744765333212823,-0.0036646821436760037,0.998876928599248,-0.04723824316079557,-0.02794882560821501,0.04711779671668745,0.9984982605791992,0.0005366277083431554,0.0708312552531178,0.0005415637062810203,0.033630493581081604,4.725187261200023e-05,-0.2920529204045925,0.953630455355294,0.20455942192244053,0.16564921443131286,-0.049545109785584684,0.005748922897320879
63,0.635,79,-0.23771896026286882,0.9684282149003874,0.09974658189774946,0.02075711680898078,0.010523080737018456,0.042879938041641835,0.16314592233865938,-0.0608037120724291,-0.023607463585962538,0.0005436726117495642,0.005152591735204561,0.009388687561421477,-2.248763129111771,-2.4142340365436477,0.02654213242210589,0.9996085614424411,0.024281658215416845,0.013714567738654591,-0.002244013597312456,0.9996137500694339,0.005152295300537949,0.02730942191368148,-0.0038202455149291764,0.9988107309545695,-0.04860585822927334,-0.027527375398484235,0.04848275552332612,0.998444623412103,0.0005348271738144244,0.07242855626946906,0.0004319369735647171,0.033761217409298085,3.536171670932037e-05,-0.16582431603517422,0.9855367355565313,0.14383809254347998,0.15894808097546664,-0.06712716129213844,-0.014920480271876558
64,0.645,81,-0.1581756441005287,0.9502782662653861,-0.018607524523292986,0.055276648752601396,0.09745547023060981,0.03763266998616558,0.14684240661353806,-0.07810402826569762,-0.024997755855248292,0.001142684076267405,0.005670476957760895,0.010248964083925968,-1.9053829217930245,-1.8294255018306056,-0.19387744457842732,0.9995971818830072,0.024895902302801958,0.01342592015014453,-0.002326518472227083,0.9996286639598406,0.0053196634096403395,0.026725182339361046,-0.0039826618241074665,0.9987495627206554,-0.04983421886710293,-0.026956865445721963,0.0497092762621591,0.9983998774333026,0.0005654843975217441,0.07365202326761318,0.0003144516602556973,0.033860819028313276,2.764790777399645e-05,-0.13185206787080855,1.006474333504714,-0.01119120234116205,0.16015508462728098,-0.08449545106678766,-0.04741712785719851
65,0.655,81,-0.08897866860858222,0.9367153801421391,-0.11177964563810766,0.04936520232095324,0.11132255405950241,0.04399833723915502,0.13265979558997099,-0.09007452010171879,-0.026709502699217375,0.011409815665021918,0.002055060597420951,0.01096065896508836,-1.7979601439618844,-1.2192781844535903,0.023743146051488508,0.9995876173035562,0.02544942680607151,0.013079932343203161,-0.002416066749731351,0.9996461559827161,0.005495894372814049,0.02602610178305659,-0.004164387249627185,0.9986929785934066,-0.05094106778489084,-0.026272051838680078,0.05081465982639824,0.9983624840902793,0.0005162873167120397,0.07458005464284367,0.00026402675537711757,0.03393764848440971,2.0537425973173422e-05,-0.14908485426049853,0.9487265057349527,-0.14996596230295495,0.13863657303845917,-0.09075280999994835,-0.05150852425463663
66,0.665,79,-0.0332300385700878,0.9212408452853127,-0.19966311230583797,0.018682059456231644,0.0049211695645268285,0.0426623534995319,0.11807504431014791,-0.09761247921695507,-0.024617865518424476,0.006252610316768313,0.004002178687434186,0.008010105285115615,-1.868958537498292,-0.6988208067332125,0.530728737149081,0.9995795276035732,0.025947193502996267,0.012698189048481546,-0.0025034256579198953,0.9996649777097286,0.005663710809825624,0.025255785881071274,-0.004345781336311309,0.9986409520185867,-0.051936144793273194,-0.025515613360936926,0.05180898890418085,0.9983309982884142,0.0004651134466801647,0.07536564299301046,0.000207477397831551,0.03399468586254988,1.5422141999797834e-05,-0.052064061931569545,0.8570233011754383,-0.28027797243826846,0.11082307999517053,-0.09859960918402892,-0.016891569789850628
67,0.675,80,0.014970312013112125,0.9166150928439795,-0.26932886904347275,0.056383608678987916,0.02247522494755621,0.08556215163939446,0.10275645898999831,-0.10125565300945019,-0.01821784290483208,0.0038148785890617237,0.0026352641640423557,0.001678628765608526,-1.8847685883307905,-0.33542463834863173,0.8606138118015405,0.9995729488004662,0.026384399071043604,0.012295133879216814,-0.002571613286000619,0.9996844329759988,0.0057898295887265205,0.024444065512702055,-0.004492230713121862,0.9985945005815343,-0.052809499822816575,-0.024715467397479006,0.05268302650426877,0.9983053863371041,0.00045448600610139406,0.0759350047026652,0.00014381152636570122,0.034038702608899594,1.2097523211824289e-05,0.05393195705513977,0.8858160247390587,-0.26130118365163285,0.09473615931347766,-0.10939756896569056,-0.00280981132252452
68,0.685,80,0.05801340257463488,0.9252540504359805,-0.28209697616557117,0.006499576865278452,0.005444516273299186,0.03802281732958208,0.08791874689685526,-0.10297927343053317,-0.010848044529599827,0.0017052129564073734,0.002078024265236108,0.002118591128312979,-1.7887761281854766,-0.13274256549913097,0.7674183403362871,0.9995678151493637,0.02676002237145129,0.011885737444386412,-0.0026102424428186277,0.9997038317595857,0.00585435387098266,0.023621500925119138,-0.004582103471330754,0.9985541756741383,-0.053558963503042394,-0.02390090150977809,0.05343486487767624,0.9982852608961651,0.000428753587734114,0.07633078204972367,9.986796327813595e-05,0.034072387971854454,8.963698314034653e-06,0.11291883415729786,0.9081640612723992,-0.2955792407951715,0.08602432457635116,-0.10481695686831975,-0.004462294367912085
69,0.695,81,0.09735059218039939,0.9370826744892545,-0.30191731268689925,0.051431291183206954,0.11431983491195064,0.12972019246679214,0.07413604093903069,-0.10337953405743629,-0.005939149459451484,0.00025870823193519546,0.0015341075766544794,0.004774689974375427,-1.6981927359343008,0.05234045804837582,0.5265140507525556,0.9995640468277149,0.027077645678393106,0.011472687979189423,-0.0026257997732842247,0.9997229652121655,0.005870616855245055,0.02279317189717373,-0.00462800333492805,0.998519812560132,-0.05419193214871263,-0.023077573800707307,0.05407143222273377,0.9982703570700951,0.0004221906134708689,0.07656133218282171,5.109691036729258e-05,0.034097716197441515,6.811868140328836e-06,0.10914968504519108,0.9833455712980482,-0.35951998602933594,0.08356215802653295,-0.10271132002926335,-0.015417014789236521
70,0.705,79,0.12117042490966334,0.9540163532055811,-0.2959259663559355,0.03153800235647462,0.08271797693420536,0.06036942735590508,0.06074766312190645,-0.10214182610175916,-0.0024238197175589374,0.00935925910072949,0.001961358757878872,0.007759440738174361,-1.7555549214705772,0.2248827680329567,0.4964238101270559,0.9995614679183656,0.02734228761681855,0.011062253715136723,-0.0026263479402602423,0.9997414576784772,0.005855327050400783,0.021971184402446046,-0.0046454577593228324,0.9984910032087517,-0.05471870094754537,-0.022258425845503783,0.054602487638507835,0.9982600517012422,0.00038269957512765667,0.0766714988523472,4.4801058391874425e-05,0.034115849300474885,4.397207013660683e-06,0.06613059854711525,0.9919212936949581,-0.21380649791344697,0.06444801257274393,-0.09937091210536328,-0.014659532378475377
71,0.715,80,0.14341715822485132,0.9631861473204751,-0.28721773774822834,0.017186417048532257,0.006234668928756107,0.04795097639130346,0.04604716219550145,-0.09978140976890898,0.002003631502581411,0.005008097791701877,0.002037283402856826,0.00457275886463782,-1.8866356541872635,0.3525845993030954,0.6117690897738131,0.9995601818781141,0.02754992727297074,0.010659378432520454,-0.002611888680215506,0.999759111377909,0.00580881004966522,0.021165465803065518,-0.004634149647301174,0.9984683590895523,-0.05513130285113097,-0.021453295175805652,0.05501993841166684,0.9982547583173726,0.00036562501432953665,0.07676481893714984,3.4457435127231344e-05,0.03412824272946529,3.423725917037593e-06,0.1446218860972529,0.9161664214418078,-0.379379655044909,0.04190955020604762,-0.10060091231854444,0.0076529055608910825
72,0.725,80,0.16713894476694605,0.9632894291964047,-0.2800761543537437,0.014721596110891369,0.05417126391632588,0.18497673031601045,0.030561492654910233,-0.09650047251290964,0.00736448571882207,0.004974229097873759,0.0030889710525286596,0.0008755375906669473,-1.9157297309640748,0.45363974291946774,0.7056140157518732,0.9995602957071462,0.02769659518569944,0.010269676026857988,-0.002578296969983825,0.9997757722780759,0.005723196682684078,0.020387500717553207,-0.004585456444267407,0.9984525019997081,-0.05542179029696323,-0.020673140907337836,0.05531587719863218,0.9982548647388457,0.00035428392792010934,0.07678547343265696,2.3887564190591242e-05,0.03413891323738175,3.0573318676440453e-06,0.17303112070145948,0.9704844183206915,-0.23134445199681392,0.027794270227856577,-0.10320902918730493,0.014766837386938209
73,0.735,81,0.18931348215496788,0.9599095206220463,-0.2534961881512563,0.010389639248626209,0.007582394298589563,0.052707556989668135,0.015395486500076255,-0.0925231738821975,0.013293455754611383,0.003419101941870246,0.0032743239606915515,0.0006589179504203137,-1.8381257772493207,0.5555862753243808,0.6880340890484778,0.999561880892006,0.027780707342844706,0.0098952289448514,-0.0025225010000757184,0.9997914428656672,0.005592584607190028,0.0196416335878351,-0.004492998769560577,0.9984437385764716,-0.05558699361806717,-0.019921941036055643,0.055487150718429704,0.9982606334873204,0.00032632832046186605,0.07676810009938347,2.1669634828236273e-05,0.03414791357154267,2.5573604771897442e-06,0.22415250073323775,0.9540130318468696,-0.2520380977566359,0.012521819944326181,-0.0930148752040689,0.01767496173278966
74,0.745,79,0.2073600106759682,0.9593715139030242,-0.23966634210197316,0.04538424529219597,0.0818781892086595,0.18449587082307256,0.0011514802189211016,-0.08761109210771954,0.018373031143597715,0.0007104208486165773,0.0020116603516316016,0.0034441720958438295,-1.7266396194928824,0.6784784872940555,0.5599092753769893,0.9995648259393232,0.02780633784368485,0.009538581441322504,-0.002445768734125675,0.9998060673587729,0.005419874834242169,0.01893284525278993,-0.004358942761814506,0.9984416515820441,-0.05563513282197992,-0.019204876739624413,0.05554181616495153,0.9982716460796203,0.00030450500963190297,0.0767055475896375,3.348104966813743e-05,0.034156393729194476,2.625665361478227e-06,0.2277586177556648,0.9838619806776959,-0.32381206905691257,0.006133810323576829,-0.08630663374926661,0.011387256291966772
75,0.755,80,0.2210522746439971,0.963479021071358,-0.21012097877984479,0.023977333368298197,0.06941672918475796,0.08340424568189173,-0.012230747411809864,-0.08166751808549261,0.022252004160643213,0.008286005120974913,0.002537704402803589,0.006990954135981093,-1.7093848345467402,0.7545063975745568,0.5525344435868395,0.9995690003551518,0.027777073222436194,0.00920390752824829,-0.0023528319976854977,0.9998195045356042,0.005214951082549584,0.018269171721385195,-0.004192320629170847,0.9984457967695721,-0.05557351312375721,-0.0185305908681044,0.055486892131212405,0.9982874445788138,0.0002935775386113408,0.0766081968094676,2.749951824125054e-05,0.03416434207930023,2.1410951813130552e-06,0.17700328548722447,0.9750217508231664,-0.08090666690100998,-0.01138201820142593,-0.07948441895180255,0.014985317800471179
76,0.765,81,0.22942714797051744,0.9620065723008671,-0.19112357902922378,0.010000616437821809,0.006724675603031042,0.06245922218146943,-0.02619867713382674,-0.07553898974652663,0.027213582240987147,0.0032179840699306465,0.0014530672832654794,0.0028794005842984506,-1.7467797962825005,0.7834564792674183,0.6779291754284347,0.9995743964144268,0.027692667800349863,0.008894357338240474,-0.002243343570127292,0.9998317156343322,0.004977394556251341,0.017656895399232726,-0.003992160623989351,0.9984561671194516,-0.05540166960197021,-0.01790539207223107,0.05532185720458958,0.9983080131152783,0.0003035932257841935,0.07653157054245821,2.7047810633705896e-05,0.034171685979384324,2.4339222618048883e-06,0.23485452870225446,0.9134763878466974,-0.31023042479849344,-0.029310481199728157,-0.0760405034461547,0.033050782505822746
77,0.775,81,0.23714547814929154,0.9617213029159936,-0.1772585840899906,0.005380825378724743,0.06123460475403778,0.25339818697848054,-0.04017922415232987,-0.06913221441721391,0.03309887096749817,0.005632535051736386,0.003411756613850999,0.0015876932964476215,-1.7455862542315015,0.822733177250237,0.7185422271410568,0.9995810527164067,0.027552027441480265,0.008610488351036394,-0.002112894834325414,0.9998427903315515,0.004698492108212712,0.01709733294775004,-0.0037495464628835083,0.998472842918566,-0.05511735530156819,-0.017330191093575222,0.05504458307613649,0.9983334905484411,0.0003035809212884458,0.07642571772793559,3.5757622330340517e-05,0.03418056842249764,2.7998142035196575e-06,0.24149244054160393,0.9910219541623602,-0.08361763538617202,-0.03911686792579825,-0.07349115907617026,0.034161702472165704
78,0.785,80,0.25139341101826634,0.9655917195382,-0.15113691216441777,0.005922901087858974,0.0066935812951387326,0.07602136814313408,-0.054128057201530765,-0.06237525891052284,0.038710257875244056,0.003793612350583458,0.0033953255413766794,0.0022051388852786444,-1.732472892503798,0.8928195963048366,0.6671583725449984,0.9995889402930694,0.027355596191988737,0.008353410121496463,-0.0019601887923056767,0.9998527563984811,0.004375791103569823,0.016592708476235344,-0.0034617410471309076,0.9984956580337587,-0.054721451339065676,-0.01680719700848485,0.05465595429547491,0.9983637837926459,0.0003096808250875843,0.0763133498016795,3.341408436667339e-05,0.034189728434154805,2.8354251956208176e-06,0.2660268673658394,0.9466507879944152,-0.15705109900353081,-0.0573178286657582,-0.06237223350923902,0.042482852134509315
79,0.795,79,0.2554940960118737,0.9652374034382648,-0.14643755392006955,0.012057954987743324,0.08256579767970469,0.26103428791076844,-0.06789879043239064,-0.05484710087633653,0.04377340492821814,0.0005052232498243826,0.0024401173131685092,0.0026190778320356652,-1.7043459764033713,0.986537196404264,0.6550917636649364,0.9995980284806213,0.02710278233016745,0.008125550984513306,-0.0017877552452004954,0.9998615587047627,0.004014523316308493,0.016147663206335976,-0.0031336231577247255,0.9985244862422936,-0.054212828559935027,-0.016341475771417112,0.05415472257436419,0.9983988292223233,0.0002968598686132768,0.07618361732324357,4.533802278644659e-05,0.034200084200142575,3.4096369151780155e-06,0.26635026864953537,0.9824356337533285,-0.25448709436074674,-0.06376892476893879,-0.05427275710270301,0.040813699924521864
80,0.805,81,0.2627650769572322,0.9631941664768914,-0.12946185012593225,0.0035691951847916636,0.06450600234650614,0.12342354554325978,-0.0813975928239847,-0.04659066376805462,0.04919172609388304,0.008170668087204238,0.003055028242708946,0.005147392804595579,-1.6834453118672936,1.0047526515851974,0.6838456764543844,0.9996081877431371,0.026795866107993383,0.007931288571689036,-0.0015960006254223786,0.9998690948871924,0.0036158020788924295,0.01577082955309368,-0.0027656990923690793,0.9985588686830523,-0.05359605100147967,-0.015941894429362048,0.053545417635396386,0.9984381524422302,0.0003182327469049594,0.07601929933603163,5.188951940493311e-05,0.03421148028427995,3.420326310692859e-06,0.2482429498320984,0.9943738339341981,0.04970169272685432,-0.08112618344743042,-0.04569964141834722,0.04304225233920063
81,0.815,80,0.2651212024677834,0.9622004921311447,-0.13054885925492543,0.0008439447571201507,0.007901301512483477,0.08592820154859925,-0.09483391542226734,-0.03877105845097337,0.054714935751488294,0.002705421885589452,0.0021874732582787357,0.002906404953510706,-1.684379803856868,0.9898170629142775,0.7306810033750883,0.9996193743373536,0.026435270839093552,0.007769650328032358,-0.0013839938011893332,0.9998754341898768,0.003177719656756489,0.015460213497507305,-0.002356148413770139,0.9985985220336441,-0.05287192408900918,-0.015606558501403573,0.05282891149744356,0.9984816179788878,0.00034796344933943324,0.07583567768454044,5.9675301976657425e-05,0.03422388704321909,4.1242199512706155e-06,0.2553579536702912,0.9117048073470219,-0.2867336335767524,-0.09816414735402748,-0.03839971327522311,0.05836651777069322
82,0.825,81,0.26586377116810517,0.9594656457342855,-0.14103166902664827,0.020198582149076657,0.05259252786122254,0.3295459039610041,-0.10834766968569459,-0.030753590761426176,0.06088262214788445,0.005479475237610107,0.0027758303690822886,0.0014964797025185642,-1.6534168781296805,0.9655898317877981,0.771348387223471,0.9996315376870191,0.026021096221187895,0.007639988984542071,-0.0011497744342976117,0.9998806171741326,0.0026963033484914576,0.015214511090684314,-0.0019010997945091183,0.9986431611403959,-0.05204058538380136,-0.015334184655434395,0.052005448327750385,0.9985290662395275,0.00036461513683853214,0.07561447759402798,7.554188829150729e-05,0.03423917357736752,4.928752052008688e-06,0.27784734526839666,0.9808057693554928,0.0012608835845143264,-0.10661087988376862,-0.03220897353476072,0.06125330830049018
83,0.835,78,0.277152217043107,0.9556891845763211,-0.14398499037266294,0.0048593914494510435,0.006408586602433428,0.1133619796918525,-0.12128858547234223,-0.023321621142368597,0.06705650994706383,0.00380626833611634,0.0029684176320879294,0.0026725948609248322,-1.6095852847240222,0.9089524859894368,0.7042603875046212,0.9996446350937596,0.02555253915567562,0.007541714728483372,-0.0008909601091896521,0.999884657458076,0.0021667069082689856,0.015032536749319557,-0.0013958670646669583,0.9986925478655629,-0.05110035609394465,-0.015123601921624413,0.05107347862603278,0.9985803805633037,0.00039032992372568093,0.0753320979572323,9.341264005302505e-05,0.03425611803176229,5.39349564751797e-06,0.2778074949185954,0.9416824162656824,-0.16248614464849667,-0.12449944165717132,-0.023274206923832787,0.07009890042253554
84,0.845,81,0.2756187506329365,0.9679019481583994,-0.18474848095877702,0.04653268644213972,0.03446066493054969,0.35883510854893147,-0.13410103424127895,-0.016210350985595187,0.07215078834795839,0.0006553234329642365,0.0029151828218813977,0.0016508441376038155,-1.6091853738455422,0.9066284569174842,0.6041241371752236,0.9996584913758972,0.025033571639038955,0.007473064445235394,-0.0006117343015565812,0.9998875581778833,0.0015972057663397904,0.014910396869633594,-0.00084889578972797,0.9987458921442748,-0.05005918797658205,-0.01497165244748189,0.05004090185714647,0.998634947197581,0.00040594376723811015,0.07499798364313891,0.0001094425336687285,0.034276193158947636,6.783751328341413e-06,0.27006311215114404,0.968761401769032,-0.3069011432193608,-0.13133769608607518,-0.014185418654967044,0.07165213190650269
85,0.855,80,0.2856407243657598,0.9631602479605408,-0.20307474507377082,0.030231231594310976,0.02265796588920424,0.19414036457304262,-0.1470355514538709,-0.008815565831688849,0.07672249614186741,0.006860432490901387,0.0013357191939265289,0.003530300918905346,-1.6095563708720186,0.8593486368486437,0.4943240454131862,0.9996730481943968,0.024462822380145837,0.007434236190813105,-0.00031490820876991176,0.9998892659301585,0.0009933352968607362,0.0148482040205801,-0.00026588569898908443,0.998802942308035,-0.04891433063640184,-0.014879018194888852,0.04890496622839216,0.9986926049069133,0.00043950956156601416,0.07457095583161275,0.00015419767127039906,0.03429928318269878,7.103577929407911e-06,0.3046851792071076,0.9754915281443767,0.03493508599678095,-0.1458307623806686,-0.008539793323059323,0.07391169133509748
86,0.865,81,0.2870974709634301,0.9783529698571755,-0.2562954233076514,0.011461346634851193,0.01244260352269916,0.12963835949564298,-0.15985393617523125,-0.002460772796016888,0.08005997307456937,0.003279732496144077,0.002528939084010167,0.0016825330423718623,-1.6871223432632225,0.842776546589164,0.36503523473302174,0.9996881829221624,0.02384205301585153,0.00742249405587387,-3.97053995615105e-06,0.9998898131324506,0.0003618735973279443,0.01484016985928593,0.00034599638983200636,0.9988631129844483,-0.047669296255719404,-0.014840548522582474,0.04766917837048251,0.9987529261799597,0.00048467936174332595,0.07400149064544792,0.00018601026689476143,0.0343243396792184,8.136345586405899e-06,0.24769062161943867,0.9727686252574131,-0.4905510865073229,-0.162226391198711,-0.002843362491356059,0.08383790977516602
87,0.875,78,0.28696880696045285,0.9928991053595485,-0.32857692746722855,0.07332067491467838,0.026207105377820717,0.4619506022108789,-0.17402950894608246,0.004668858913737777,0.08256305989759576,0.004229581157655412,0.0016171845740028448,0.0008961039257687098,-1.7608118307342169,0.8707968119265115,0.23758542922434467,0.9997039566450057,0.02316420653175777,0.007437572750130269,0.0003179868885361367,0.9998891627918505,-0.00029121455870363813,0.014885473640201494,0.0009803564438196027,0.9989266368401856,-0.046309967743446506,-0.014856009984359727,0.0463194279459148,0.9988162040946812,0.0004857123669445296,0.07335907565752683,0.00021354219852034133,0.03435210876105516,8.52390996140873e-06,0.3279572139325132,0.9570972683661998,-0.09037043699045476,-0.17128346594672844,0.004764952234770977,0.08411184727003529
88,0.885,81,0.2886827828504343,0.997233777903808,-0.3938120662130594,0.022457256831099424,0.024972242968431646,0.19095494687845477,-0.18802692546697872,0.011471976194807297,0.08386133994215889,0.005127465940295612,0.0026075419123907546,0.0006533033206834213,-1.7754598728835485,0.858553501763618,0.05559551120966344,0.9997202085243927,0.022430103122310956,0.007481834757647495,0.0006459802835201414,0.9998872097162651,-0.0009559624371705567,0.014988461616869479,0.0016272357378030516,0.9989929463667916,-0.04483798850584469,-0.014930503999372133,0.04485732097679667,0.9988818252451636,0.0005397320434044762,0.07249824443899397,0.00030061296727925676,0.03438127339024909,9.510017623152412e-06,0.2850912279069468,1.0176460257488555,-0.4285895358178994,-0.18859136526397294,0.008499758254527005,0.08678628508604536
89,0.895,80,0.28268176390551736,1.0277879353930257,-0.5025173957072798,0.07234680465802547,0.06750617316454495,0.4845813695501804,-0.20243686691221924,0.018405714941955666,0.08345258807695037,0.003046451530867923,0.005209487478760198,0.002020772184421111,-1.879091197277161,0.9375366104257287,-0.08148284434707653,0.9997367644098858,0.021642960208629564,0.007552407285866434,0.000972267889294876,0.9998840316786797,-0.0016171110068318342,0.015142923957435788,0.0022709368083013194,0.9990612739371183,-0.04325984009627261,-0.015058752936475238,0.0432892119486363,0.9989490868351921,0.0005607595730386611,0.0714707266851283,0.0003138266015431218,0.03441464066707731,1.0864866276714067e-05,0.26941979213625794,1.0414920792808968,-0.6683086640172468,-0.20221555994033116,0.021462739893806284,0.08416756602163464
90,0.905,81,0.26823964957860946,1.0372064077025842,-0.6097875834472671,0.04625373188280487,0.04764025370021437,0.2934676437368575,-0.2180923846234133,0.026472561961618957,0.08255761443260566,0.005466066917537765,0.0012714843188035808,0.0005490702411825042,-1.9085663300035076,0.9351343547862789,-0.23299622082055896,0.9997535664638711,0.020797997267610703,0.007653520956543835,0.0012935491464268689,0.9998795006951471,-0.002268104929189517,0.015357076207847167,0.002904816560956717,0.9991315400805245,-0.0415659434761983,-0.015249463281395544,0.04160554429820029,0.9990177338532484,0.0005971421949747601,0.07027992247884389,0.00042106473788594464,0.03445147050029887,1.1877323739225613e-05,0.3132550586570149,0.9971648908656743,-0.2912406077323731,-0.21581784498514994,0.025475793082288273,0.08040309155791313
91,0.915,76,0.2429656505009306,1.0670162286627103,-0.7498526770887909,0.020124964423382758,0.02887716060932858,0.16433930015375006,-0.23297392819227536,0.03336786461853613,0.07972464854382143,0.005358950172360293,0.004292886905010478,0.00046108031679111813,-1.980434611514755,0.8835627256650455,-0.3457562379697888,0.9997705620534014,0.019891016756376112,0.0077839774328371,0.0016063620851336205,0.9998736585923531,-0.0029023245983349944,0.01562828733638148,0.0035216495005262597,0.999203534106498,-0.03974789823223225,-0.015500478635772679,0.03979791377711084,0.9990875142954453,0.0006063951313364365,0.06881256568193635,0.0004501967613163287,0.03449078067979104,1.2493695007627139e-05,0.21768552689485365,1.125539412703502,-1.0340777339784248,-0.2342760984249135,0.03182533124438579,0.08179415044912347
92,0.925,81,0.20873805867419185,1.0995227303724424,-0.9005042706476547,0.07078104104732193,0.1479528327513684,0.5608641009944154,-0.24977933840764938,0.040609565572259684,0.07702551462508904,0.003296160586582636,0.003360037081889673,0.0016363866784812244,-2.1215796321566205,0.8622871078425562,-0.3920855567787493,0.9997876129866835,0.018921276462367943,0.00794250731675793,0.0019054639717445139,0.9998665715691513,-0.0035095537983956316,0.01595374848389828,0.00411068330537466,0.999276709008174,-0.03780424733486913,-0.015809533241504442,0.037864783981018724,0.9991578037491158,0.0006706195799249306,0.06726635265705543,0.0005158608901436451,0.03453335125424038,1.4140909481467859e-05,0.2557466422979739,1.004189629913992,-0.6267213756903912,-0.2495610545026988,0.045099187333087445,0.07963697904831164
93,0.935,79,0.1565294758930903,1.15013995343881,-1.02291748944109,0.03091625122945317,0.055859105985968216,0.25477811446698856,-0.2669192023067813,0.04716445834401703,0.07345127963536144,0.005898719417393949,0.002016865711746992,0.00207107734794147,-2.28295892564653,0.7326262675017392,-0.6900571303347213,0.9998046461445975,0.017882400498646017,0.008129096979827038,0.002192505957796535,0.9998582213998352,-0.004093419750838171,0.01633343239804815,0.004674890822380575,0.9993508253400621,-0.03572216801840995,-0.016176603319516206,0.035793460392649065,0.9992282750693972,0.0006830461225123768,0.0653379877011458,0.0006376077938523954,0.034581082312644264,1.5358262447517316e-05,0.15872123251855252,1.1666951305494855,-1.1289150040255185,-0.26299908310828324,0.04297627153911284,0.07262145564212422
94,0.945,82,0.09869569331631897,1.2357916099480128,-1.1778183624628051,0.04410367950381054,0.1714611058525484,0.6106382159446733,-0.28630668121799385,0.05233158585228751,0.0659846005397335,0.007962762280281753,0.006812581050783222,0.000643502842817825,-2.7455573729287495,0.5558694372213216,-0.9695005641361253,0.9998215927663097,0.01677020463771526,0.008337840176594107,0.002454240379122042,0.9998489142507021,-0.0046279504777742885,0.01675502151796254,0.005187259621766477,0.9994254738811413,-0.03349349929572272,-0.016590389064410457,0.03357535155186697,0.9992984813151975,0.0007685087175998325,0.06318687255893483,0.0006614605504523707,0.03463248752831321,1.650443105925562e-05,0.09828183300256411,1.204024587829558,-1.4215666318115656,-0.28624261101720144,0.057671244662424063,0.07067189642797268
95,0.955,78,0.013708351319184575,1.3432439983965407,-1.2899223604643697,0.05990959500907429,0.1857054738207171,0.39116038153513144,-0.3108481202736413,0.05605836933955818,0.057939270609183434,0.004751695321274952,0.004131953072007043,0.006513483330459027,-3.424689568406178,0.2458935420498226,-1.387125624647383,0.9998386026064442,0.015563059843668854,0.008564439062001456,0.002685198288501399,0.9998388801874094,-0.005102952053694141,0.01720969337103129,0.005636107564291676,0.9995011617569076,-0.031075101578526144,-0.017042533764407033,0.03116709044697119,0.9993688831037113,0.0007614755705592035,0.060856033783005345,0.0007839641246243672,0.03470919175716229,3.4161739918450844e-05,0.052212144751507455,1.2502510061975114,-0.9033067016995491,-0.3015171644808093,0.058250256941075024,0.06253191660927516
96,0.965,81,-0.0741585970661001,1.512324378665556,-1.4326868079160286,0.028181500262497376,0.035887818947685536,0.1814219672016448,-0.3411017143124927,0.05626588252508467,0.04379059054537537,0.012799721351480168,0.002851079550765003,0.0030321517936499065,-4.533831601931,-0.3007680804214675,-1.8821868205125603,0.9998557207248451,0.01424482321275811,0.00879746446317681,0.002868338274494543,0.9998287545091245,-0.005485212213457848,0.01767410828603085,0.005986485517451751,0.9995777152943607,-0.028435067751904054,-0.0175106723994926,0.028536004168056996,0.9994393792613128,0.0008579822071327448,0.05809797765782687,0.0008769710705046433,0.03485582486957095,5.477994987190637e-05,-0.07148338598900324,1.5537976952495167,-1.8085820990870012,-0.3312134929809765,0.05766096878573818,0.04446075497098378
97,0.975,79,-0.16446779837621373,1.6793881006820035,-1.5951962092292966,0.05838299537183021,0.21780892564632529,0.7192812110617207,-0.3833894259045373,0.051246080052814696,0.02782428148098247,0.009224143827104401,0.005102079507879476,0.005866062671070663,-6.080505879956677,-0.8839764317684594,-2.3093780580850556,0.9998732274687407,0.01277815598981825,0.009018123867151003,0.002986831542061627,0.9998195045585121,-0.005742435800713273,0.018110293632241856,0.006203375774753107,0.9996555951336784,-0.025499200907643935,-0.017957628834802765,0.02560694337491044,0.9995107843428331,0.0009357253305789163,0.0552539043995122,0.0008899503212956741,0.03506673329204607,8.223989401043493e-05,-0.16919006768769804,1.5414515721566318,-1.1872413656982133,-0.3722682497809359,0.06373310476944073,0.039410329395561335
98,0.985,82,-0.2994412106120268,1.915203229599066,-1.891643858152179,0.014784116720849968,0.06980946929779398,0.2923396015684864,-0.43838980839179953,0.04212225961678932,0.006840541616014474,0.020719094714697902,0.005132004926954636,0.011841119897548841,-7.962247722988709,-1.5348392940596323,-3.3461352632510826,0.9998912399678798,0.01111506155115896,0.009206929239138151,0.0030325065862363758,0.9998120727155799,-0.005859682371064933,0.01847926878115737,0.0062690247118256754,0.9997345186210368,-0.022171865206301877,-0.018344442791716122,0.02228354550052867,0.9995833757213989,0.0010663627879433275,0.05193038671082593,0.001103586922417076,0.03546572085736859,0.00015901493400026365,-0.2806135094078708,2.0120970318945615,-1.8427372412838143,-0.4142670533025401,0.04401383746674534,0.0018780553230838856
99,0.995,78,-0.3948752659708362,2.0711802570668167,-2.1147268109279223,0.10630321682457147,0.1788988878950357,0.363898626696528,-0.5107853894723566,0.02668865134786058,-0.025713882731034855,0.0286344510172674,0.002334046947342493,0.0027914802166466657,-10.05718142364543,-2.363540966878826,-4.102719992295979,0.9999097295916664,0.009189169678077536,0.009344948288079802,0.0029603665383325724,0.9998078163429037,-0.005748453978768628,0.01874261605242404,0.00609194324057673,0.9998135907811725,-0.018321351391527938,-0.018633802810703877,0.018432009280385856,0.9996564622042412,0.001226460888894047,0.04838707256996971,0.0010316615374112528,0.036056592767412264,0.00019652322930338725,-0.35326417354800393,2.0393431979117964,-2.234113638377905,-0.4976811689774245,0.03257223230107421,-0.009159648893991823
