bin_id,phase_center,bin_count,acc_H_x,acc_H_y,acc_H_z,acc_H_std_x,acc_H_std_y,acc_H_std_z,omega_H_x,omega_H_y,omega_H_z,omega_H_std_x,omega_H_std_y,omega_H_std_z,alpha_H_x,alpha_H_y,alpha_H_z,orientation_quat_w,orientation_quat_x,orientation_quat_y,orientation_quat_z,orientation_R_00,orientation_R_01,orientation_R_02,orientation_R_10,orientation_R_11,orientation_R_12,orientation_R_20,orientation_R_21,orientation_R_22,orientation_dispersion_rad,left_foot_z_mean,left_foot_z_std,right_foot_z_mean,right_foot_z_std
0,0.005,81,-0.6226549164275578,2.4293266507828237,-2.385544946313961,0.02526083542003473,0.3013112658803944,0.4855633122746685,-0.5765190769171206,0.012631154760948124,-0.042386782715564814,0.02581242627990472,0.009657963389578274,0.030498929960119023,-12.219389337896079,-3.2549565537487326,-6.821982366891939,0.9999234560548975,0.007340722683654585,0.009507701763042052,0.002966383133771791,0.9998016083565775,-0.005792725346205322,0.01905749880399748,0.006071898954210864,0.9998746287231707,-0.01462391461925931,-0.018970397220163526,0.014736728563862591,0.9997114347953334,0.0014584998073389737,0.044751127911255954,0.001230761832968084,0.03687147880769486,0.0003171873211509417
1,0.015,79,-0.5486536627830503,2.3336828325882712,-2.923996862965717,0.062469771555629355,0.41039724540159483,0.5478289225078546,-0.6931913983837618,-0.019507072558905512,-0.11831136676426285,0.04207872024512481,0.009813881704427404,0.011318484576659646,-14.896611334541545,-3.800830374823109,-5.228022846081594,0.9999404053580324,0.004763885496121368,0.009483210310202743,0.0025612203353636916,0.9998070177452124,-0.005031781544602724,0.018989693044175228,0.0052124892568164985,0.9999414910907471,-0.00947862600595966,-0.018940887602543185,0.009575780370323746,0.9997747482343846,0.0017390725294815228,0.04061962179843005,0.0012466134328976508,0.038072708594240695,0.00040437111897222893
2,0.025,81,-0.593201252290867,1.1541566847062419,-1.533612213862682,0.16510849759590432,0.29671448335596967,0.3538396979897143,-0.8148648582697853,-0.04818213123622162,-0.12603514825287032,0.028705748010169403,0.006790630741624567,0.008168585676296605,-10.610766878125698,-1.5070304354651252,-1.900287203958328,0.9999529588662038,0.0016744525652960286,0.009334462755613537,0.002035698502906099,0.9998174474733387,-0.004039945252467316,0.018674864664964992,0.004102465712894505,0.9999861042804237,-0.003310743290583668,-0.018661229942643548,0.0033867518980118085,0.9998201280273413,0.0020609776069924228,0.036922375863905975,0.0009980707589019727,0.03954391724279046,0.0005042378881964732
3,0.035,80,-0.8802703903462488,-2.4251145108200203,4.9533432267058775,0.16787843496277802,1.281042089779623,2.3146210072379207,-0.8629636684337729,-0.043619559526347516,-0.1487159620275961,0.009462157709932181,0.01171196004248297,0.014471829046739418,2.188428589900572,3.10696706273397,5.543206841184405,0.9999556786137677,-0.0017547511810116784,0.00913967943905849,0.0014240491997495935,0.9998288766872558,-0.002880047894409507,0.018273551007561905,0.002815896441250483,0.9999897858643388,0.0035353775223960046,-0.018283546415622225,-0.003483316109631368,0.999826774216088,0.0021296379324419095,0.03399755189962238,0.0007380146247738082,0.0414996042911947,0.0006811363543383651
4,0.045,81,-0.8824852865311967,-4.38981295960259,7.687960812717029,0.6397401207716279,0.11420022355297027,2.7099051425233207,-0.7798500008313761,0.0015293417675219005,-0.03734383879391984,0.04166138162670593,0.013140361177252518,0.05063664163641122,15.337013300184381,10.114334783863269,10.316365517572546,0.9999454623620414,-0.0050509524199527905,0.009082345634611426,0.0010349777718438881,0.9998328796375705,-0.0021615916445257206,0.018153245362904198,0.0019780936618777676,0.9999468334013263,0.010120153957572783,-0.01817415585682937,-0.010082553854180677,0.9997839977548496,0.0018720915983477713,0.032306341657057536,0.0003203945510382061,0.04402299757411725,0.0008422979872870616
5,0.055,79,-1.3935009721718163,-3.1755731054970915,2.15008942999128,0.39876402426165214,0.42092639904753587,0.19529577107495624,-0.6175714556308228,0.11820979701546479,0.016345886253564652,0.04922675264251682,0.044628177031038115,0.03335194255240121,19.136164824888525,11.656352382120074,-2.1081279716979187,0.9999254698061562,-0.0077778686187492535,0.00934854030121726,0.001079067617926013,0.9998228808146249,-0.0023033978260944576,0.018678901413066953,0.002012550953134656,0.9998766807456508,0.015574753279614653,-0.018712472797718857,-0.015534402451158972,0.999704219107972,0.0014643714642708493,0.031787313747043855,7.93352891582941e-05,0.04733134990511413,0.0011783305272262208
6,0.065,81,-0.5336953027829872,-2.900260512620467,2.6123413994285967,0.1651066899377797,0.03608311487939825,0.11205177620535645,-0.4736713636331597,0.1880309798814431,-0.07107388634108654,0.03916244818906751,0.007324913038423398,0.014380032974263442,15.784761511432661,3.311317610796509,-5.380396293160268,0.9999004312661169,-0.009873091673597498,0.010042552330110942,0.0008926126456955709,0.9997967007707235,-0.001983349618353353,0.020065479118821027,0.0015867454591850108,0.999803450606939,0.019762145463129925,-0.020100730504740885,-0.01972628902631026,0.9996033384070034,0.0012283613231274517,0.03185781756646452,8.091339705622066e-05,0.051600663778143374,0.0013541140163700531
7,0.075,81,-0.7619316647008205,-2.387014327731214,1.003877126307097,0.3510971752129806,0.306836273176695,1.204882195409897,-0.36501527144790025,0.17119087878820893,-0.06974045443699962,0.022886152347788003,0.01003445390098065,0.011430012695050892,9.190275874744366,-4.144240670066126,3.036750329664814,0.9998756729962219,-0.01149483768943437,0.010778498836070915,0.0005755168865760685,0.9997669854863082,-0.0013986848578846584,0.02154108660881336,0.0009030964792590887,0.9997350749736137,0.02299922355759525,-0.021567548501608243,-0.022974410725226855,0.9995033853386688,0.0009770273501178723,0.032162551769661415,0.00011081654887884086,0.056036200432429975,0.0013307025833394922
8,0.085,79,-0.5864186451025819,-2.027712205901302,0.9492142657965776,0.09927811035008656,0.03250674621824452,0.19700401523448371,-0.32662694963724986,0.12172312916038508,-0.02248588106644951,0.005973202599506244,0.02189199709936451,0.021321195959382845,3.0236882965281806,-8.361363964404147,8.387748506810583,0.9998529975247672,-0.01284089596256422,0.011355151555778365,0.0003940364982466334,0.9997418105367667,-0.0010795777873459167,0.02269684507742717,0.0004963365082783197,0.9996699122522333,0.02568696532645923,-0.02271708420414492,-0.025669067949834836,0.9994123438480478,0.0008325991698997563,0.0325210048670211,0.00010857787555247476,0.060554344651106415,0.0013494737911677586
9,0.095,80,-0.45593519467861177,-1.893673882963681,1.0375013961339135,0.12417800805401438,0.0767249191385417,0.634217076512708,-0.31663625870344936,0.037409055357742596,0.06446352167196971,0.0017912047255477753,0.028036943030747018,0.02959869258529106,1.974833743574409,-7.045476076007145,6.303389910270826,0.9998326254854296,-0.014110546629588001,0.011634543359668448,0.0005008887488861791,0.9997287730225465,-0.001329949358931091,0.02325105643914796,0.0006732702925688307,0.9996012831685509,0.028228024991125675,-0.02327932769533754,-0.028204714543656532,0.9993310597492524,0.0008062969864594669,0.032856412448127745,9.606290664864726e-05,0.06484005441570523,0.0012162203304588737
10,0.105,80,-0.41399723776476616,-0.9030328010494474,-0.0870038706110026,0.1390351666931131,0.279625504415127,0.15369736009170853,-0.2950296097400593,0.008995511944270762,0.0783683574978837,0.00795526662352278,0.004651332093231693,0.030945842821014778,2.003667656279715,-2.8025488902056668,-4.838477090571013,0.9998138921975136,-0.015333405060114425,0.011677219892420865,0.0008427299122932422,0.9997258646837579,-0.002043249232535381,0.023324249503172138,0.0013270430621893216,0.9995283529911148,0.030680784272579645,-0.023375937179578008,-0.03064142130259657,0.999257058449693,0.0007472900207304566,0.0331441708909704,7.96761248529363e-05,0.06877181989752021,0.0011808892047125417
11,0.115,81,-0.1611313542240831,-0.7759481390633508,0.3215823998997922,0.028370436760002393,0.024197375941650293,0.08048994725784905,-0.2845775762029739,-0.007431726885548072,-0.012952111777166502,0.0009027139832296053,0.010899099776109627,0.019235040095055427,0.48356441851326454,-3.4924703810508855,-7.414436993982067,0.9997953651503186,-0.01648747064167413,0.011686648601349235,0.0009018759613426187,0.9997252177284379,-0.0021887493636102914,0.0233387749046687,0.001418016260753061,0.9994546998631806,0.03298927327607992,-0.023398253518408976,-0.03294711364631106,0.999183171112617,0.0007253803952297877,0.03338180440035223,6.510429438112601e-05,0.07254133634341117,0.0010694709506108922
12,0.125,79,0.022653238153773535,-0.9980073604638391,0.3302167873830111,0.08456570070192174,0.16307587786673386,0.09606576644964074,-0.2872925790438471,-0.0468840141525434,-0.04026263440582936,0.002523113804908379,0.011049461769155387,0.00958667149829614,-0.7367233255152588,-4.341071227239727,2.421628014996448,0.9997775028740088,-0.017628821867168364,0.011559344149852716,0.0007422596663465,0.999731661226826,-0.001891744269246094,0.02308737413112765,0.0010766337935699008,0.9993773473803267,0.03526695907980033,-0.023139714784876475,-0.03523263894007291,0.9991112124048018,0.0007407571249118746,0.03357035458943238,5.021862122189536e-05,0.07568636045756644,0.0008399668597600836
13,0.135,80,0.09882123510833687,-1.27001682120827,0.4428302878619716,0.003653424559607994,0.02063794656074908,0.02387241544996813,-0.29636514941121805,-0.0768888665213837,0.025793936462776675,0.0027632783888926625,0.009117019323441368,0.026750684489341803,-1.149859936844494,-3.7850626669568004,9.143966888914015,0.9997593112177772,-0.018792213813828795,0.011299248618057808,0.0007066215383308824,0.9997436553333378,-0.0018375787168389622,0.022566500065268245,0.0009882271329743546,0.9992927067719538,0.03759135006242229,-0.02261961599740333,-0.0375594128926604,0.9990383593612853,0.000790405944393917,0.03371542085486448,3.8648603199112905e-05,0.07816009897230643,0.0006686067387769108
14,0.145,80,0.0467479310936232,-1.322696162846861,0.3559974903824285,0.09903169458365159,0.09388250326833195,0.14662585435468045,-0.305690338033359,-0.10744501682385221,0.10604083581679488,0.002649509792744977,0.009329010947596063,0.021611354355076655,0.18229913725270608,-1.881188800770984,5.474409969758494,0.999739857378372,-0.02000458193830715,0.010910694194369614,0.0009955012521358582,0.9997599314589078,-0.0024270123116907454,0.021775882542820143,0.0015539568076304291,0.9991976513574611,0.040020479007298625,-0.021855540888292297,-0.039977032568369965,0.998961546907341,0.0008743474653505487,0.03382513893255317,2.8902364186162237e-05,0.08000609057505485,0.00047928754059506546
15,0.155,81,0.011352950925037719,-0.9639925448124358,-0.004124299168664475,0.0655777912707237,0.19373841257167423,0.01738227111582946,-0.29344836321517476,-0.10698788733371944,0.11338449597891256,0.0070907350597807645,0.005878656576035847,0.023432609499325952,1.7088877779894116,0.3501710774862351,-4.243171493385837,0.9997190920538551,-0.021218893694244005,0.010457196102501688,0.0014637564967904958,0.9997770089331839,-0.0033704708967963446,0.020846398599044885,0.00248291036704096,0.9990952319346209,0.04245647985426027,-0.020970635773043513,-0.04239525269932728,0.9988808112001324,0.0008353912496339878,0.03390672631769051,2.1629620263340038e-05,0.08136677548102972,0.0004072187881555115
16,0.165,79,0.09670374241156655,-0.8665521019031481,-0.0055951302736475545,0.013214379218360403,0.028196418901671575,0.01614868972768022,-0.2783481335855284,-0.10184227958407245,0.038150091922621476,0.003098508331115481,0.0022016967778844196,0.017581006065968737,1.5494249093804777,-0.2898347894720165,-6.678823172739159,0.9996982012957483,-0.02235531143707636,0.01004183161760325,0.0017052842462501098,0.9997925072468064,-0.003858515733768823,0.020001357690838165,0.0029605626409280193,0.9989946641123816,0.044731377620625005,-0.02015384633249281,-0.04466288091158103,0.9987988033366301,0.0007559529769809133,0.03396708248514223,1.6338908329951814e-05,0.08247983844381887,0.00032548756587028906
17,0.175,80,0.15478690629770792,-1.0834821107897656,0.12332390909054709,0.02960162434761932,0.1453115321292544,0.11200609718323987,-0.2686575646650871,-0.11162524396527171,0.006523325215086019,0.0035256165024501233,0.003896664154792223,0.005592577024722304,1.502146217232606,-1.2536840530214965,0.11911216792257015,0.9996775142910556,-0.02343832325918055,0.009617143628234405,0.0017386696318226508,0.9998089751526906,-0.003927037313804678,0.01914658147196371,0.003025398429050572,0.998895244061419,0.04689497154091826,-0.019309587475450026,-0.04682808739863312,0.9987163111024642,0.0007568100583809808,0.03401328247899512,1.3181602967311405e-05,0.08325035974448831,0.0002382747636749357
18,0.185,80,0.21964016912337456,-1.3254520319347702,0.10656144287470351,0.010667285709622106,0.021179669992492232,0.057474000711334614,-0.2543137941098067,-0.1219012244324164,0.0400558866093826,0.004725691853093409,0.003232542587763778,0.014702827406878729,1.817418705768483,-1.4096832940152342,4.932368638694254,0.9996568595472329,-0.024479707933824472,0.009144310493022705,0.0018134622261501761,0.999826185880723,-0.004073380008052442,0.018193559369069415,0.003177979807550833,0.9987949105084579,0.04897578163484748,-0.01837113147165013,-0.048909450188194335,0.9986342509701637,0.0007461282633666108,0.034049914061187445,1.0699922226340008e-05,0.08366021902205391,0.00017709600786764516
19,0.195,82,0.22484655002995177,-1.3928308547109876,-0.07933556090604786,0.02064725274915339,0.09829974917875571,0.07222828351257446,-0.23957886537279138,-0.13418017666951546,0.08544122343419408,0.004279315875810814,0.004155642456187567,0.012886541478312684,2.6343950841425796,-0.046109912548447304,2.929934911180945,0.9996362224234051,-0.025473466882086813,0.00861641780954226,0.0020694560162852716,0.9998429493918561,-0.004576386456608791,0.017121134261315597,0.0036984263217544,0.9986936396736078,0.050964063007423524,-0.01733199913849471,-0.05089273781672439,0.9985537196582772,0.0007634901113950976,0.03407833618628752,8.7256326610932e-06,0.08375018570919215,0.00015685677735092035
20,0.205,78,0.2565146500748959,-1.141953607302511,-0.12407162174810928,0.01681316936639878,0.1531218967427506,0.05379322732848244,-0.21216347276352543,-0.12263898303319155,0.08693484518827772,0.009765879287349734,0.007488223968218609,0.01689641735511639,3.3559708717474654,1.6826528216594963,-3.3674268422699707,0.9996164248171804,-0.02637651763084428,0.008086918414498665,0.0024257584268395226,0.9998574348932238,-0.00527626542449339,0.016039666826751346,0.004423046439936496,0.9985967900274487,0.052772034327526036,-0.016295599066406156,-0.0526935666855615,0.998477762136454,0.0006589379918252818,0.034098941084614476,6.4658088761183614e-06,0.08364943847546716,0.00015083435342529483
21,0.215,81,0.3022482723244817,-1.0461919139537745,-0.2620566363469649,0.011764242044293063,0.02269303980605394,0.040327642474801,-0.18588333142483193,-0.10725773152296351,0.031562393957874545,0.0067780467138040075,0.002604596838594539,0.013219189346343122,3.0522360106877784,1.2217739433686008,-4.868030302993046,0.9995987447607454,-0.027151162890036263,0.007639212593570277,0.0026088804900440995,0.9998696723470778,-0.005630494337117047,0.015130626360695006,0.004800840315198475,0.9985120161926148,0.054320396272738894,-0.015413962917278305,-0.05424067710196023,0.9984089135693379,0.0005979454290864449,0.034113263218621515,5.6816898410464e-06,0.08349891888334454,0.00015413646756318568
22,0.225,79,0.3501873917602186,-1.1835168221904744,-0.09342986928449522,0.02324355130949136,0.07667057225844191,0.18182885797253617,-0.16332769659252097,-0.10309059993929394,0.009046360340388988,0.008564349606779346,0.0014868448625178505,0.00328164305291192,3.369629078870532,0.40546697781291496,-0.7128087293510337,0.9995826722795949,-0.02784329449318129,0.007225198686468281,0.0026511759826737032,0.9998815355396999,-0.005702485816487088,0.0142967318742643,0.004897792477290757,0.9984354444353497,0.05570165997557898,-0.014592001768819633,-0.05562503888266854,0.9983450949114141,0.0005460984283831382,0.034124854124750706,5.237455776046146e-06,0.08325204007466072,0.0001685638872577634
23,0.235,82,0.34149838739998867,-1.2785113981842298,-0.16811950672889336,0.013108647740643034,0.013997758143375916,0.0668138814123383,-0.13196926616290341,-0.10077025987795687,0.020157454288258006,0.009193523132350378,0.0006041011046010897,0.005567129265632037,3.664086409307315,-0.10026054000759811,1.9066324144911484,0.9995691568217747,-0.028421542985429597,0.006816582992893613,0.002692734898716869,0.9998925667501325,-0.005770625117602524,0.01347422886788014,0.004995673891417428,0.9983699301461852,0.056855306016869306,-0.013780355590569133,-0.05678188501320945,0.9982915001812568,0.0005061143043080398,0.034132617416555565,4.664895665638816e-06,0.08288256436224405,0.00018317974255477863
24,0.245,79,0.3592514995741955,-1.3398453904037917,-0.268224852763634,0.07150731243643194,0.07452940705028199,0.19659887567625486,-0.10470231404360393,-0.10469476857941551,0.03955247897224736,0.007265916725422789,0.002108343146004454,0.006268030548111503,3.9472892512650146,0.621211840178857,0.974533210538398,0.9995582632063562,-0.028886162471325215,0.006401778952189872,0.00280807760226075,0.999902263852854,-0.005983519995965782,0.012635672930061844,0.0052438286882919155,0.9983154086357198,0.057782758165249457,-0.01296013127346582,-0.05771085139688838,0.998249213687855,0.0004727419103466531,0.0341396987474066,4.920857226249385e-06,0.08242232570413528,0.00018635986719817884
25,0.255,80,0.4551989380082938,-1.1777252361714974,-0.07263783043460177,0.013771906988454406,0.11038500573592752,0.0841998329152966,-0.06881263814266318,-0.09083087043509516,0.035749985656872374,0.012249772358322074,0.008076094728145813,0.01169954344794281,4.317847602493092,2.1309142466851334,-2.539308668541202,0.9995506633030948,-0.029218251117714065,0.006001187178478154,0.002958216424533552,0.999910469416069,-0.006264462766643605,0.011824113429002598,0.0055630859907028814,0.9982750855144157,0.05844575019149112,-0.01216984907041287,-0.05837473894957883,0.9982205591081421,0.0004136619119544105,0.03414730178783911,6.673687678926597e-06,0.08192826484813183,0.00017553404200156613
26,0.265,80,0.4693529264953013,-1.0885527625677585,-0.3042917218994633,0.009612594244947176,0.014768990704930459,0.06262872640891683,-0.03561675240371445,-0.07060014063245337,-0.0010764597244118737,0.0081821821031661,0.0045092805998064815,0.00816491173794784,3.714634022265994,2.0505169860567687,-3.246640623168163,0.999546718177543,-0.029409148006499738,0.0056985509573986275,0.002997784352006946,0.9999170796119295,-0.0063280300787625044,0.011215611248271105,0.0056576719646476365,0.9982522306050213,0.058825800802367295,-0.011568260383070069,-0.05875746869481048,0.9982052570610355,0.0003686516773595578,0.034157510916665454,9.052941285044869e-06,0.08146110448240548,0.0001660297679097911
27,0.275,81,0.5329837021692271,-1.124973022361113,-0.0148215242717848,0.0320680163565377,0.0385399904460614,0.2863609634383628,-0.00937849378640727,-0.05802259865818686,-0.01619626431381824,0.009832819327885635,0.004653504223521864,0.0030201713963192525,3.811237546221885,1.7641901746172162,-1.2470777782040825,0.9995460146259049,-0.029487337706583235,0.005442601470188847,0.0029393281009635884,0.9999234768791032,-0.006196963033099778,0.010706915296761578,0.005555011722884558,0.9982437145305856,0.05897989695597423,-0.011053607138135833,-0.05891590659019954,0.9982017500084293,0.0003542581408190532,0.03417088795447934,9.948234822277295e-06,0.08098115686082374,0.000164258447202978
28,0.285,79,0.5373948234834124,-1.1554982630776014,-0.12661966406952693,0.005998984447375937,0.009570722986983252,0.09585873642661048,0.025363048335835702,-0.042373097838577914,-0.02102970417567719,0.009426121060935804,0.004190350427206372,0.0013015645684277316,3.8072931267491525,1.6600063174629196,-0.08440829181295878,0.9995486790587306,-0.029439019598743378,0.005255459079479038,0.0028570031283618185,0.9999284353659769,-0.006020858531723787,0.010337959619301939,0.005401996280359079,0.9982503633163786,0.058881496031478145,-0.010674389103659998,-0.058821436579353945,0.9982114485498574,0.00035652515642996637,0.03418713372369069,1.0041608025620823e-05,0.08046518473689922,0.00016934603810027217
29,0.295,77,0.5371848112578258,-1.1683387023044518,-0.2718881683748245,0.0497099429431933,0.029169351729797625,0.2859205161123527,0.05153819624157917,-0.03146249757878015,-0.01754679698282558,0.006391184955175353,0.0027774477339218705,0.0026846024955510194,3.676642892229667,1.6534824628978,-0.075872844911163,0.9995544725636024,-0.02927331734269936,0.005120274431643881,0.002777059523490574,0.9999321414602953,-0.005851419371199141,0.010073398928383989,0.0052518696979222575,0.9982707216643132,0.05854898916708419,-0.010398573907226809,-0.05849211193959106,0.9982337113629965,0.0003675148075287511,0.03420481867797343,1.030525594877662e-05,0.0799316149196459,0.00016446503962342233
30,0.305,80,0.5972323143461384,-1.070461335232971,0.10713856300417948,0.02015764846155557,0.07238686605220852,0.14645484743954407,0.08418933461151037,-0.015917378432213112,-0.0222436696942558,0.012490747667098588,0.006748909538096633,0.007242510327666836,4.059504765054297,2.1978360358016307,-1.8903087774903848,0.9995631777104301,-0.028996233201081374,0.005034985047597881,0.002705762581249995,0.9999346555488487,-0.005701152488896654,0.00990865746221751,0.005117170086480231,0.9983037946180048,0.057994380948489035,-0.010222485153388248,-0.05793988705193326,0.9982677347714379,0.00040904800024169725,0.034223956787652915,1.0580372510095971e-05,0.07938070575907609,0.00017701151329427696
31,0.315,80,0.5754015850705487,-0.993130507872334,-0.2975628525199732,0.004321111077388681,0.003443426937213673,0.10524053721046808,0.11649027248244792,0.003702878994045946,-0.04779173742267174,0.007830510728237261,0.005784018582040981,0.006809728607497541,3.5239391093516406,2.2826327108751103,-2.551661607451164,0.9995758511403711,-0.02857263188936735,0.0050206894424567605,0.0025524892634659325,0.9999365549521646,-0.005389721878651537,0.009891257173257234,0.004815904633570936,0.9983541790109492,0.05714665619206389,-0.010182982517763532,-0.05709539516847562,0.9983167947688742,0.00047031743561513824,0.03424450252685213,1.1038158438126295e-05,0.07879484589604484,0.0001790120159494803
32,0.325,82,0.6654547786157159,-1.0213022025184229,0.061891519416441686,0.06310469120195879,0.014512435742707091,0.4198112658747747,0.14057236036113663,0.020604744941788652,-0.06307025541347443,0.009463463011662536,0.005178213632898273,0.003089308159421099,3.6012851339034726,2.074367111917505,-1.456096036849174,0.9995911099256094,-0.02804141493126137,0.005088852589111534,0.002322840000406259,0.9999374159873176,-0.004929177682321991,0.010043272175054973,0.00435838317442079,0.9984165669259707,0.05608353933074854,-0.010303815056136267,-0.0560362569693479,0.9983755652559583,0.0005329108124346971,0.03426885256131813,1.1890581743060008e-05,0.07820583981263378,0.00018894932356150931
33,0.335,79,0.656677721333117,-1.0520068971596708,-0.1108182041175725,0.014659468987047565,0.009686128797126199,0.14848074202635705,0.17411083462490348,0.03689275278472603,-0.07108927401225852,0.009282438889668778,0.005417543346974007,0.002070436755338412,3.6534138123321576,2.114882156177643,-0.7089162467458429,0.9996092040264146,-0.027388209393389727,0.005207245247602541,0.0020517818678448315,0.9999373495761962,-0.004387194325912548,0.010298031291400424,0.003816725833096261,0.9984913523547813,0.05477638064563106,-0.010522809817104802,-0.054733644120109254,0.9984455411663103,0.000597749611906106,0.03429601437081764,1.2902616135220368e-05,0.07754914079545581,0.00021450744785137405
34,0.345,80,0.6494178245179718,-1.0634720099234747,-0.3263453722864452,0.06341230937972119,0.027884396213537915,0.39585079190498146,0.19902698135845115,0.054442859440630945,-0.07441291536140791,0.006115957726201044,0.005655230358168669,0.0007042748339713782,3.2964157348179866,2.0385598526955495,-0.5641629917490562,0.9996291011479594,-0.02663083097222347,0.005415153504226657,0.0017706192073220313,0.9999350820402967,-0.0038283450487006767,0.010731983938363901,0.0032515048980618615,0.998575327498703,0.053261083604784334,-0.010920596181669361,-0.053222730905563606,0.9985229499085091,0.0006617847303519684,0.03432934236822553,1.4852983451138372e-05,0.0768547814986041,0.0002185782769809948
35,0.355,80,0.7353269969602734,-0.9957004572089696,0.13679898093741855,0.029008845903328084,0.004383273877632697,0.21960307159289383,0.22685348638199127,0.06950971042785482,-0.08011588188024342,0.01043733702299233,0.004448984830362751,0.004236387833340854,3.486469240038169,2.0019014128523804,-1.2826485064326727,0.999650781788892,-0.025767262453569806,0.005673849323071562,0.0014731219790652267,0.9999312746909877,-0.0032376142053450957,0.011267819181800332,0.002652815946826719,0.9986677561945673,0.05153324465682868,-0.011419652464443117,-0.0514998115682538,0.9986077112390158,0.0007367406524917033,0.03436751732704398,1.686928318435729e-05,0.07612108368912604,0.0002596241160047784
36,0.365,82,0.673590874383979,-1.0033813043899227,-0.4575662147295379,0.009556475242248442,0.005118237170154464,0.14634205888312765,0.25481048919906185,0.08647328204626903,-0.09493529146433068,0.006870286605991321,0.006186873279669006,0.004364842481084781,2.9488024083645543,2.2078356965892447,-1.573130740921939,0.999674440128104,-0.024772926254720433,0.006003837217440701,0.001126862017471573,0.9999253682413201,-0.00255045554610105,0.011947933878614475,0.0019555250795690324,0.9987700646135436,0.04954325336028374,-0.01205959655724675,-0.04951619137580608,0.9987005121268893,0.0008226128531095326,0.0344119251735114,1.9342109855625128e-05,0.07526707928155586,0.000281568554193311
37,0.375,78,0.7208224195351814,-0.940462121231908,-0.05977075913918211,0.045839592353358216,0.06390540229011063,0.4900973565688617,0.27403432491582413,0.10483508157328274,-0.10528597373499445,0.006876005877761964,0.00396849326340153,0.00196263667031265,2.8088420401797056,1.7684575014150095,-1.0851308899346122,0.9996983321636597,-0.023700550927924002,0.006402482788776461,0.0007326452412785597,0.9999169428901797,-0.001768333190348743,0.012766374539586681,0.0011613637127465294,0.9988754942333267,0.047396183965106135,-0.012835830922998778,-0.04737742097091587,0.9987945841997046,0.0008515659683712125,0.03446262772180913,2.0505524321829468e-05,0.07440634999034591,0.0002828762086527552
38,0.385,81,0.6732901760165196,-1.0014955622044612,-0.4254140780980612,0.014592698128004155,0.027280376335280163,0.20986553085297607,0.29975196184193714,0.11476860206890918,-0.11229738570328447,0.007634277442506927,0.0042616057249182685,0.00229497188936129,2.8854268006638857,1.7467841363307544,-0.7802135749758058,0.9997221951208896,-0.022547274090797386,0.00685946201799907,0.0003174816030924443,0.9999056939725106,-0.0009441111507786332,0.013700796162517374,0.0003254624698376764,0.9989830392730124,0.0450863762020843,-0.013729429541412217,-0.04507766519009299,0.9988891364237962,0.00094075492742778,0.03451870594067736,2.213824399316414e-05,0.07338497921114459,0.00035560730824751077
39,0.395,79,0.6509982046975998,-1.0197421774976463,-0.7434035581175681,0.025836881031324442,0.10896732991941833,0.4554649811160279,0.3202011537264463,0.1327836277545748,-0.11776939093460734,0.0049216180755030465,0.006852343257458855,0.0008326622322421421,2.4805296620416946,1.648143800705543,-0.49994363724006374,0.9997461569865858,-0.02129014009998549,0.0073712313011044285,-0.00012835178963054885,0.9998912969498475,-5.723067736883937e-05,0.014744185586243401,-0.000570507511070807,0.9990934269206821,0.04256757927187444,-0.01473325507591013,-0.04257136371479155,0.9989847897672572,0.0009887955926991493,0.03457947652100719,2.3301970945237794e-05,0.07225386463568492,0.00035536936555315905
40,0.405,82,0.6221979314843907,-0.9052400367822239,-0.3825113347182935,0.037269556378929806,0.06347241740757524,0.3279563333873485,0.33944043643460425,0.14113890288019787,-0.12029648389912549,0.007328790122810999,0.0012154162109054916,0.0019865479874910373,2.6588527288887893,1.01759907449314,-0.6740919838823973,0.9997691878171826,-0.019954403391423403,0.007940523543006646,-0.0005839199658352914,0.9998732142466729,0.0008506735601542742,0.01590068509596311,-0.001484467199819271,0.9992029616455317,0.03989032208356773,-0.01585407799777678,-0.03990886860451151,0.9990775397423106,0.001063456992968978,0.03464349897872915,2.4607137677863925e-05,0.07100506326364155,0.0004566302231978549
41,0.415,78,0.550041539173993,-1.0529140454038692,-1.1948017866010499,0.016880056763268935,0.031030553127721693,0.17903619753816866,0.36274279738866694,0.14906521294646505,-0.1285548626767257,0.006611429304067161,0.004873928498152342,0.002609724600635337,2.6386901796270346,1.4204220699381518,-0.8283004640958205,0.9997913570842847,-0.018531326859444523,0.00852634490290089,-0.0010647379911298252,0.999852335551214,0.0018130227135577355,0.017088593898346497,-0.0024450406508057963,0.9993109125156774,0.0370367642120658,-0.017009669867413316,-0.03707307750544018,0.9991677827348504,0.0010825952859417956,0.03471022315321209,2.4158765103732443e-05,0.06948472559552266,0.00048210970216059723
42,0.425,81,0.4671413835798866,-0.886897036565266,-0.8562259951947941,0.04884703378822847,0.19202561306610966,0.5290386599650254,0.3816594793086368,0.1638656559992083,-0.13354929132465862,0.004748070381277665,0.0037082314732312834,0.0013065100937847262,2.470690213886451,0.6279375775108641,0.2183957889740299,0.9998114647324776,-0.017039186795030185,0.009179010825272753,-0.0015642452274071657,0.9998265977942761,0.0028150948639386383,0.01840786744926849,-0.003440706384120345,0.9994144385004652,0.03404323216702734,-0.01830125358277639,-0.034100665062530344,0.9992508237472671,0.0011662094317017792,0.03477924243837512,2.561876625230877e-05,0.06789116450556897,0.0005369803254060073
43,0.435,79,0.3307566852183283,-1.1149293901059778,-1.4861987943322321,0.02683731249990036,0.0750860351919813,0.2678437629607048,0.40227384081085016,0.15911221418663887,-0.12506053005314122,0.008316019790242645,0.001076843402568662,0.002941947378922339,3.200362785807584,0.2715348919661471,0.7285627698898379,0.9998300112428932,-0.015459790964374269,0.009834516033449085,-0.0020556691761449974,0.9997981130372522,0.003806560346767623,0.019729248984093842,-0.004414718595219263,0.9995135381751522,0.030873892924501677,-0.019602128121073408,-0.03095475897039074,0.9993285543154514,0.0011852042447634483,0.03485952103485717,3.019236238220918e-05,0.0659133114950308,0.0006716750990636464
44,0.445,82,0.24343711010105187,-1.1691450879334964,-1.7325281915255768,0.0772144593185869,0.18709566084347118,0.7425170376409596,0.43286528388155815,0.16821021427066665,-0.12189228700642121,0.010260412447772862,0.005242347553323459,0.0010240077566279798,3.6800213121641367,0.03827541053688134,1.0328612718746255,0.9998469547495917,-0.013764977083678399,0.010499866237036219,-0.0025189864743675075,0.9997668150322926,0.004748141074634542,0.021065866146944966,-0.0053262627471725105,0.9996083602260555,0.02747284279656,-0.02092717098256991,-0.02757863888069505,0.9994005564297803,0.001292251523605346,0.03495034633118424,3.433024115009118e-05,0.06367144444009143,0.000714042369579304
45,0.455,78,0.01892453248947219,-1.338492844417218,-1.1569983107962352,0.030270412381118068,0.2201411662125413,0.4512398229849997,0.46115418180547635,0.15972462075522897,-0.1085347497031472,0.010894020121175447,0.007635513103360718,0.01095692203692405,5.002624940101442,-1.4636550849182108,2.9303517810723485,0.9998617225607794,-0.011956741354533122,0.011171854014458672,-0.002960029028848244,0.999732855812056,0.005652081509425263,0.02241140300118811,-0.006186397385031202,0.9996965491286584,0.023844037989536684,-0.022269833795188716,-0.023976314038292094,0.9994644520281208,0.0012794095965823337,0.03510014985478596,7.409385451058174e-05,0.06116323858584501,0.0008658250953880975
46,0.465,81,-0.027350641384907726,-1.748381053561932,-2.214598767868356,0.008458655891328676,0.06418097776039669,0.1962500904808367,0.5129072829231812,0.14479173291197528,-0.07500665850926364,0.020195937395119476,0.001954343387561815,0.008353333307385621,7.250925790920789,-1.5007052552861913,3.245626208811449,0.9998752055119786,-0.010004308053448598,0.011780394657611633,-0.003272540979301128,0.9997010255544995,0.00630855577415828,0.02362332807473222,-0.0067799745627420685,0.999778408591821,0.019929015493355372,-0.023492370042434367,-0.02008322279043287,0.9995222722441652,0.0014183646949903,0.03540276338074996,0.00011979929077008383,0.05811107312130901,0.0009921634057957647
47,0.475,79,-0.24865641779362904,-1.676475848909554,-1.4213986183563916,0.1594353153650453,0.268838172254734,0.8453229194857993,0.577168994460209,0.13571333667064991,-0.05660473036216402,0.016028652743042444,0.010275454393559431,0.008578581019414376,8.019629547537974,-3.271068298224083,4.302945245064706,0.999887272739981,-0.0077836921192413495,0.012354798788600177,-0.0034949816149760175,0.9996702881008084,0.00679684337061821,0.02476121985367607,-0.0071815071704807686,0.9998543984810077,0.01547926978066606,-0.024652404410262542,-0.015651988959157603,0.9995735461677722,0.0015286649978652285,0.03582634280596702,0.00017069742899750474,0.05487196343095239,0.0010471065701018576
48,0.485,82,-0.3488180684158329,-2.1436365642236948,-2.292775134299448,0.02330088426618018,0.07626687309060078,0.36914598935106224,0.6412213556837888,0.09245464014038995,-0.0061595345882283535,0.029350570003391724,0.012923078174515164,0.015489713302891854,10.993789805624647,-4.861607030530305,4.1904800176738055,0.9998975536729965,-0.005318787306599884,0.012800819551700898,-0.003568147859751641,0.9996468146793115,0.006999394959127082,0.025636972748599423,-0.0072717343053097325,0.9999179576448762,0.010545134398979483,-0.025561059870421347,-0.010727835266525355,0.9996156990407838,0.0017057911085952351,0.03652011218211525,0.0002836072030293044,0.05099673474823157,0.0013145375912178823
49,0.495,79,-0.4502118517785684,-2.0982542613806,-2.9767837747796926,0.26600237695443996,0.17623812361095634,0.09818416289355361,0.7530696313502033,0.05792762418216505,0.010442949920616876,0.03803523079325907,0.008903434590137906,0.004510564432717586,12.129390980479076,-5.274722934206362,3.944044171752339,0.9999051681440931,-0.00246587297453928,0.013090364470271853,-0.0034952177674252437,0.9996328516215874,0.006925214266926895,0.026195483699494926,-0.0070543309708233455,0.9999634058464634,0.004839770913500215,-0.026161008647363634,-0.00502278561141448,0.9996451236570177,0.001909549156922266,0.03748148834222773,0.0003442355732766784,0.046749652686150944,0.0012746778207662266
50,0.505,80,-0.9706674049177317,-2.268345788037612,-3.475039118912933,0.12916181640074245,0.4287991622397076,0.6502670275093299,0.835291611371454,0.008059073193088167,0.056945172159809064,0.022689161349367014,0.0215603719080462,0.039720010027692265,9.338456956434523,-6.363405672630525,8.875695699234834,0.9999067258544153,0.0007455678057283893,0.013222553546784286,-0.003338831749715964,0.999628032560499,0.006696757266542521,0.02643766179787686,-0.006657324025606512,0.9999765926623883,-0.001579292290245315,-0.02644761909972219,0.0014027007638680235,0.999649216412699,0.0021141400591571627,0.038706041162348895,0.0004762141004200857,0.042372525912767314,0.001454689687931752
51,0.515,79,-0.9701559022648591,-0.6124122135117155,-0.6136772317408928,0.13310905809361614,0.39513690519065964,0.7771291481817861,0.9024849426531557,-0.04388686657992334,0.15245408110837422,0.013881242737199465,0.011422121388893189,0.013956411228860295,4.56314301432359,-5.192993135051003,6.946078987298466,0.9999008989320755,0.004238988598605393,0.01312927104116647,-0.0028009877571684625,0.9996395534190236,0.005712730013083977,0.026232193122435497,-0.005490110692077958,0.9999483708864901,-0.008550686875510409,-0.02627968654310538,0.008403587165722995,0.9996193064351769,0.0022885438248641705,0.040339179336306936,0.0005926062752213045,0.03789999543469609,0.0012365899447755295
52,0.525,82,-1.2588824205723037,2.3508210603488067,3.191872246522783,0.5526950026962336,2.3313054774586974,3.322116599388747,0.9083018996006315,-0.07502881696772788,0.16808243595658454,0.016404891068934634,0.01186173407947774,0.003753524439577467,-7.918916985359632,1.9622938499134805,-5.051442340213795,0.9998838028560136,0.00789671928528199,0.012871422513757606,-0.0020854479610722086,0.999659954778548,0.004373695296737205,0.02570691738817963,-0.003967127255163594,0.9998665854626623,-0.01584528878178319,-0.025772790176710234,0.015737918054433527,0.9995439366140035,0.0023617553374244713,0.04229975568440512,0.0007179262140991093,0.03441894408950508,0.0009563909965117083
53,0.535,80,-1.1910618559278645,5.29001445351796,8.169606423423227,0.31599919257607706,0.14477414733438518,0.23438322713265627,0.7757822708874016,-0.012490164981307651,0.07163100366495351,0.05662067338167382,0.019160802533614532,0.052494355327422366,-20.64456107519689,5.658379546707001,-16.028006296366662,0.9998543364390294,0.011283338610930943,0.01271188156199873,-0.0015492711231304137,0.9996720156522815,0.0033849558296555823,0.02538509790676271,-0.0028112259734712564,0.9997405720575562,-0.022602778381347794,-0.025455021709492383,0.02252400177724916,0.9994221886738895,0.0018986201453484966,0.04472490378583422,0.0008594137389522316,0.03228713158020155,0.0004217048077616389
54,0.545,79,-0.6388663477507168,4.380503926036065,6.956250564912823,0.5223912039338137,0.510767467458852,2.2425216747208876,0.5779889223974812,0.015505255779584124,-0.08836566478528204,0.06012203123220317,0.0024669915551325974,0.04172166350037837,-21.115121871785846,5.085684636546088,-11.225892463789506,0.9998207978289227,0.013887236349351875,0.012760660059449213,-0.001637818720371297,0.9996689662093727,0.0036294710438401624,0.025471257091589983,-0.0029206298349629396,0.9996089244328329,-0.027811294748754937,-0.025562236194258743,0.027727696157036293,0.9992886204428488,0.001426888592173767,0.04755406473984921,0.0009479218429947991,0.03158734417143837,0.00013536968264606818
55,0.555,80,-1.0643045254045864,2.0485082732930064,2.2716593390622624,0.28029030417322054,0.4416290270525017,0.11055046896680981,0.43794032093882806,0.06888078920342976,-0.10798327575567859,0.024894122055159177,0.022818029403646,0.04111529481526614,-12.72936984063575,4.961353662098599,6.660384576030074,0.9997893849536374,0.015800535428833914,0.012927215597506852,-0.002101406929919452,0.999656942371621,0.004610442540092123,0.02578257915349571,-0.003793414827913798,0.9994918543381541,-0.03164874587754636,-0.025915392572082065,0.031540084515781705,0.9991664603541155,0.0011699792166122377,0.05079491840149288,0.0011461807743123602,0.031587391749855705,9.370175934052206e-05
56,0.565,81,-0.5721192055807367,1.721721581765482,2.5258882654643626,0.07198805793494059,0.03963140284891063,0.03904818847160248,0.37431900494730924,0.09488691437316171,0.018200488431199147,0.016354217259357186,0.0035465823995774245,0.027135130377148937,-6.92489893794028,0.40020390648362864,10.755233854073131,0.9997578536958018,0.017395108583520585,0.013298884910160527,-0.00218719708248717,0.9996367116581373,0.004836006015698157,0.026515236207172305,-0.0039106638274902135,0.9993852527325797,-0.03483996740908359,-0.026667422330145997,0.03472361827998025,0.9990410997150276,0.0010348792902176046,0.05445673193052907,0.0011612207587778061,0.03188085576344016,0.0001185479880576819
57,0.575,80,-0.6114595671936738,1.5426174413108453,1.075076425019866,0.0982825533588388,0.11100320871674825,0.9913722895736108,0.3271419379317836,0.07528405170716782,0.06410046590949152,0.012111554998658514,0.005186312051917643,0.006290035117849241,-4.852958199865972,-2.003934260799217,0.43711039860967876,0.9997288989297308,0.018772969435883143,0.013633019003929674,-0.001960881471672663,0.9996205914733851,0.004432564247373215,0.027185023019903214,-0.003408835251054871,0.9992874611248269,-0.03758922559628942,-0.02733226929164362,0.03748229465881835,0.9989234328227958,0.0009290248447898897,0.0578721205076708,0.001042163837560697,0.03226666364087584,0.0001197824975895914
58,0.585,77,-0.5345147479648691,1.5033828506965348,0.9276485577355041,0.048492363398913454,0.029013882921257426,0.1049152411487503,0.2966716737494537,0.06282396620037424,0.025194254808954007,0.0067428441870535,0.006657592403006224,0.019249307926754687,-3.021803515010961,-2.5389607707654607,-6.670344493084722,0.9997021183035696,0.019976977688834482,0.013908807088566842,-0.0017720347481284808,0.9996068099564489,0.004098725640596355,0.027738528021777547,-0.002987301925049944,0.9991955605105425,-0.03999134760459387,-0.027880127616286356,0.03989276004673005,0.9988149308955857,0.0008234822421435084,0.06105059650575726,0.0009541069212410811,0.032637934352182145,0.00010885743143428221
59,0.595,80,-0.49501228596740265,1.468448666686235,0.9259217636279666,0.19441751870376742,0.05624233834158761,0.3294607510560871,0.2787930816916082,0.03466067937492044,-0.042625045979864044,0.004480470780131208,0.010262472698271895,0.02123462212572733,-3.728226812978713,-2.9337271401983345,-5.361100687736742,0.999676619981711,0.021091920899362182,0.01408687802870782,-0.0018292627260956128,0.9995964273305664,0.004251580992364522,0.028087479898220604,-0.0030631037239626487,0.999103569341308,-0.04222173758900193,-0.028241810557112442,0.04211866318538205,0.9987133814803587,0.0007911839080227271,0.06388289475060242,0.000822177173234558,0.03296497285026507,9.638825797830431e-05
60,0.605,81,-0.6545724105737655,1.079522536598884,0.2231806604736015,0.13548315346750192,0.19030676637525895,0.05387324950432137,0.23702004474179428,0.015884331957200893,-0.06058335619483387,0.017906980830258084,0.005173263716073816,0.01701953343201208,-5.403276441926941,-2.9224192245379252,2.042808596027636,0.9996524791437048,0.02212873400213408,0.014175902915047986,-0.0020697463252492797,0.9995895198533845,0.004765443660162378,0.02825035125448971,-0.003510664520773682,0.9990120705632238,-0.044300768657020886,-0.028433554718023054,0.044183406565158845,0.9986187258160119,0.0006815606605178542,0.0664276814854738,0.0007748806942847385,0.03324045703118799,7.802604579627701e-05
61,0.615,80,-0.44978064274326995,0.9477730443504454,0.31149255966694367,0.02564442101242561,0.010331265604824651,0.012219681870974037,0.19234065862077715,-0.012098028217686367,-0.009940108443421861,0.010441801566470786,0.01164746996575421,0.010699947035202932,-4.460676894405088,-4.089340108924098,4.145767443259672,0.9996335568348109,0.0229614986188006,0.01417086942675245,-0.0021698135066271266,0.9995889567380728,0.004988805584134936,0.028231708877341513,-0.0036872679890566163,0.9989361229810505,-0.04596766535690412,-0.028430997556683407,0.04584467278137286,0.9985439120817375,0.0005712681342171024,0.06882617230597751,0.0006797761008164908,0.03346029124675133,6.058514503855489e-05
62,0.625,80,-0.2920529204045925,0.953630455355294,0.20455942192244053,0.08796949583085771,0.01951215573710305,0.04633465151060368,0.16564921443131286,-0.049545109785584684,0.005748922897320879,0.00512100544438112,0.008438296458958033,0.0030597577366781718,-2.0870361028319064,-3.4393208171532548,-0.3112732392784185,0.9996191838350481,0.02366275023276141,0.014034359634916572,-0.002144367042270609,0.9995968768792517,0.004951283958710204,0.027956547004348464,-0.003622917771839086,0.9988709518828199,-0.047367667786452086,-0.028159513491262923,0.04724728851341013,0.9984862220021196,0.0005366277083431554,0.0708312552531178,0.0005415637062810203,0.033630493581081604,4.725187261200023e-05
63,0.635,79,-0.16582431603517422,0.9855367355565313,0.14383809254347998,0.02075711680898078,0.010523080737018456,0.042879938041641835,0.15894808097546664,-0.06712716129213844,-0.014920480271876558,0.0005436726117495642,0.005152591735204561,0.009388687561421477,-0.3433831127519927,-2.184396330075186,-3.322878172157462,0.9996073945240729,0.024297642889757446,0.013786030817176794,-0.0021509804983410492,0.9996106372744072,0.004970208130563481,0.027456709179950297,-0.0036303359159116705,0.9988099956657952,-0.048635513971088166,-0.027665764203996388,0.04851690003733906,0.9984391398086193,0.0005348271738144244,0.07242855626946906,0.0004319369735647171,0.033761217409298085,3.536171670932037e-05
64,0.645,81,-0.13185206787080855,1.006474333504714,-0.01119120234116205,0.055276648752601396,0.09745547023060981,0.03763266998616558,0.16015508462728098,-0.08449545106678766,-0.04741712785719851,0.001142684076267405,0.005670476957760895,0.010248964083925968,-1.2694692460629673,-1.476603044238119,-2.286752748922505,0.99959555382184,0.024938943636306873,0.013476103497917056,-0.002274314056501119,0.9996264442601717,0.005218948008889245,0.026827868298588985,-0.0038746288666028804,0.9987457531717551,-0.049919012134955996,-0.027054744258854353,0.049796416568507286,0.9983928874496371,0.0005654843975217441,0.07365202326761318,0.0003144516602556973,0.033860819028313276,2.764790777399645e-05
65,0.655,81,-0.14908485426049853,0.9487265057349527,-0.14996596230295495,0.04936520232095324,0.11132255405950241,0.04399833723915502,0.13863657303845917,-0.09075280999994835,-0.05150852425463663,0.011409815665021918,0.002055060597420951,0.01096065896508836,-3.083250289506903,-0.881509882327579,1.9078473792092425,0.9995846260838448,0.025547395163622023,0.013105440974536682,-0.002480587437861734,0.9996441882056522,0.005628733891826633,0.026073249537366356,-0.004289494374346584,0.9986823545726338,-0.05113858526858884,-0.026326739727418235,0.05100854849959254,0.9983511560344334,0.0005162873167120397,0.07458005464284367,0.00026402675537711757,0.03393764848440971,2.0537425973173422e-05
66,0.665,79,-0.052064061931569545,0.8570233011754383,-0.28027797243826846,0.018682059456231644,0.0049211695645268285,0.0426623534995319,0.11082307999517053,-0.09859960918402892,-0.016891569789850628,0.006252610316768313,0.004002178687434186,0.008010105285115615,-2.743775857811344,-1.1652974353588879,3.0436695582570072,0.9995767286296766,0.02603271914349993,0.012727633234744318,-0.0025823377454227796,0.9996626777680208,0.005825159234296422,0.02531004143744765,-0.004499819628850125,0.9986312581315284,-0.05210913457301359,-0.02557894253048865,0.05197766638216567,0.9983206097724749,0.0004651134466801647,0.07536564299301046,0.000207477397831551,0.03399468586254988,1.5422141999797834e-05
67,0.675,80,0.05393195705513977,0.8858160247390587,-0.26130118365163285,0.056383608678987916,0.02247522494755621,0.08556215163939446,0.09473615931347766,-0.10939756896569056,-0.00280981132252452,0.0038148785890617237,0.0026352641640423557,0.001678628765608526,-1.5499222136762107,-0.3885842302681769,0.776829713871159,0.9995715668806441,0.02643037648611759,0.012304424238017727,-0.0025921085523688534,0.9996837642348473,0.005832417144543544,0.024461284420455122,-0.004531574884320668,0.9985894323441097,-0.05290189448154646,-0.024735326040183095,0.0527743168683491,0.9983000726859459,0.00045448600610139406,0.0759350047026652,0.00014381152636570122,0.034038702608899594,1.2097523211824289e-05
68,0.685,80,0.11291883415729786,0.9081640612723992,-0.2955792407951715,0.006499576865278452,0.005444516273299186,0.03802281732958208,0.08602432457635116,-0.10481695686831975,-0.004462294367912085,0.0017052129564073734,0.002078024265236108,0.002118591128312979,-0.6983750804340442,0.4178905585267003,-0.7879502166695,0.9995672648707823,0.026786483592274778,0.011877319260483356,-0.002587775625643318,0.9997044654089917,0.005809614843429432,0.02360572423572326,-0.0045370083734648445,0.9985515754281442,-0.0536112559542329,-0.02388299387307039,0.053488312605111846,0.9982828271678907,0.000428753587734114,0.07633078204972367,9.986796327813595e-05,0.034072387971854454,8.963698314034653e-06
69,0.695,81,0.10914968504519108,0.9833455712980482,-0.35951998602933594,0.051431291183206954,0.11431983491195064,0.12972019246679214,0.08356215802653295,-0.10271132002926335,-0.015417014789236521,0.00025870823193519546,0.0015341075766544794,0.004774689974375427,-1.3485195002254515,0.34037779768477955,-0.6373273756602058,0.999562927167374,0.027124977838082133,0.01146083166432316,-0.002615252843690475,0.9997236195802512,0.005849969185245612,0.022769767541474598,-0.004606469965642589,0.9985147920596943,-0.054286190439569414,-0.023053522243178942,0.054166298549164694,0.9982657698296912,0.0004221906134708689,0.07656133218282171,5.109691036729258e-05,0.034097716197441515,6.811868140328836e-06
70,0.705,79,0.06613059854711525,0.9919212936949581,-0.21380649791344697,0.03153800235647462,0.08271797693420536,0.06036942735590508,0.06444801257274393,-0.09937091210536328,-0.014659532378475377,0.00935925910072949,0.001961358757878872,0.007759440738174361,-2.6032879887803335,0.1319004819199318,1.4418700218829752,0.9995591041608476,0.027425515003675967,0.011058461224114361,-0.002673733588422689,0.9997411231681058,0.005951677489256136,0.021960514147856203,-0.004738541512378068,0.9984813845509626,-0.05488598117487084,-0.022253828230436676,0.0547677116580261,0.9982511031242758,0.00038269957512765667,0.0766714988523472,4.4801058391874425e-05,0.034115849300474885,4.397207013660683e-06
71,0.715,80,0.1446218860972529,0.9161664214418078,-0.379379655044909,0.017186417048532257,0.006234668928756107,0.04795097639130346,0.04190955020604762,-0.10060091231854444,0.0076529055608910825,0.005008097791701877,0.002037283402856826,0.00457275886463782,-2.2908588965554597,-0.23988231762135312,1.8391481103383491,0.9995580655479868,0.027620840020107416,0.010662388590586287,-0.002660124826712901,0.9997584744108993,0.0059069067107962465,0.0211684032629104,-0.004728890192825037,0.9984600258649798,-0.05527399340782173,-0.021462302791999014,0.05516054026941421,0.998246805332254,0.00036562501432953665,0.07676481893714984,3.4457435127231344e-05,0.03412824272946529,3.423725917037593e-06
72,0.725,80,0.17303112070145948,0.9704844183206915,-0.23134445199681392,0.014721596110891369,0.05417126391632588,0.18497673031601045,0.027794270227856577,-0.10320902918730493,0.014766837386938209,0.004974229097873759,0.0030889710525286596,0.0008755375906669473,-1.8367331413575898,0.4741273196547215,0.6263785107436612,0.9995588508016235,0.027753590710697437,0.010252255419033804,-0.0025948498268131876,0.9997763160263984,0.005756484023307151,0.020351432489450098,-0.004618336420261575,0.9984460099140787,-0.055535900599203734,-0.020639498089646487,0.05542948834640964,0.998249258922972,0.00035428392792010934,0.07678547343265696,2.3887564190591242e-05,0.03413891323738175,3.0573318676440453e-06
73,0.735,81,0.22415250073323775,0.9540130318468696,-0.2520380977566359,0.010389639248626209,0.007582394298589563,0.052707556989668135,0.012521819944326181,-0.0930148752040689,0.01767496173278966,0.003419101941870246,0.0032743239606915515,0.0006589179504203137,-1.3537787440174842,1.0563997148773947,-0.21122381843571478,0.9995609943986197,0.027824686065320903,0.00986294498584223,-0.0025154797584590275,0.999792789355582,0.005577617593330993,0.019577245326329096,-0.004479884201688628,0.9984389184139022,-0.05567456182150452,-0.01985721506466026,0.055575321667621795,0.9982570183231452,0.00032632832046186605,0.07676810009938347,2.1669634828236273e-05,0.03414791357154267,2.5573604771897442e-06
74,0.745,79,0.2277586177556648,0.9838619806776959,-0.32381206905691257,0.04538424529219597,0.0818781892086595,0.18449587082307256,0.006133810323576829,-0.08630663374926661,0.011387256291966772,0.0007104208486165773,0.0020116603516316016,0.0034441720958438295,-1.493989884109507,0.8456535157666464,-0.1681027457699052,0.9995636250138503,0.02785832085180037,0.009512321337895022,-0.002447294680603534,0.9998070529830219,0.005422448084595376,0.01887998575674358,-0.00436245888508935,0.9984358494161288,-0.05573888726166987,-0.01915269583846821,0.05564576944802818,0.9982668594041656,0.00030450500963190297,0.0767055475896375,3.348104966813743e-05,0.034156393729194476,2.625665361478227e-06
75,0.755,80,0.17700328548722447,0.9750217508231664,-0.08090666690100998,0.023977333368298197,0.06941672918475796,0.08340424568189173,-0.01138201820142593,-0.07948441895180255,0.014985317800471179,0.008286005120974913,0.002537704402803589,0.006990954135981093,-2.2152682202065614,0.6416331439444943,1.3539703883659984,0.9995671434538709,0.027846078880573277,0.00918622726207487,-0.0023947540865589243,0.9998197567631089,0.005299035821061594,0.01823113286455271,-0.004275834185243157,0.9984377220876836,-0.05571204855664341,-0.018497870909328293,0.05562405353553976,0.9982804182393328,0.0002935775386113408,0.0766081968094676,2.749951824125054e-05,0.03416434207930023,2.1410951813130552e-06
76,0.765,81,0.23485452870225446,0.9134763878466974,-0.31023042479849344,0.010000616437821809,0.006724675603031042,0.06245922218146943,-0.029310481199728157,-0.0760405034461547,0.033050782505822746,0.0032179840699306465,0.0014530672832654794,0.0028794005842984506,-1.7334281077732698,0.3745787422270181,1.1985240419809078,0.9995728946011321,0.027748995399052186,0.008879152303652478,-0.002276463798552566,0.9998319567338848,0.005043758129990826,0.017624380772588145,-0.004058207904304681,0.9984496219338346,-0.05551471344417038,-0.01787705910647672,0.05543386116904598,0.9983023078174238,0.0003035932257841935,0.07653157054245821,2.7047810633705896e-05,0.034171685979384324,2.4339222618048883e-06
77,0.775,81,0.24149244054160393,0.9910219541623602,-0.08361763538617202,0.005380825378724743,0.06123460475403778,0.25339818697848054,-0.03911686792579825,-0.07349115907617026,0.034161702472165704,0.005632535051736386,0.003411756613850999,0.0015876932964476215,-1.7504592166268775,0.8542668710572304,0.5895043517929106,0.999579763606485,0.027607268752615037,0.008578886409525777,-0.0021301662838862563,0.9998437301991508,0.004732221466390928,0.017032946352307312,-0.003784862975567188,0.9984666022072478,-0.055227883256285006,-0.01726817864465534,0.05515478543795355,0.9983284828399867,0.0003035809212884458,0.07642571772793559,3.5757622330340517e-05,0.03418056842249764,2.7998142035196575e-06
78,0.785,80,0.2660268673658394,0.9466507879944152,-0.15705109900353081,0.005922901087858974,0.0066935812951387326,0.07602136814313408,-0.0573178286657582,-0.06237223350923902,0.042482852134509315,0.003793612350583458,0.0033953255413766794,0.0022051388852786444,-1.540753552696284,1.2011501233417035,0.41574984077225996,0.9995879544525421,0.027402658439477413,0.008315194026940175,-0.001968037633394527,0.9998539687523358,0.004390170268057363,0.016515676650402357,-0.0034787365809444658,0.9984904422766457,-0.05481546382170583,-0.016731394502658148,0.05475000536260984,0.9983599037174874,0.0003096808250875843,0.0763133498016795,3.341408436667339e-05,0.034189728434154805,2.8354251956208176e-06
79,0.795,79,0.26635026864953537,0.9824356337533285,-0.25448709436074674,0.012057954987743324,0.08256579767970469,0.26103428791076844,-0.06376892476893879,-0.05427275710270301,0.040813699924521864,0.0005052232498243826,0.0024401173131685092,0.0026190778320356652,-1.4880221738545136,1.0420370056807375,0.034962512793207126,0.9995968592905597,0.027155117842165802,0.008092976175657128,-0.0017950509874117423,0.9998625630571457,0.004028186102054011,0.01608193749280866,-0.003149123215078772,0.9985187547338613,-0.05431739562713838,-0.016276916777192105,0.05425928640763753,0.9983942066231967,0.0002968598686132768,0.07618361732324357,4.533802278644659e-05,0.034200084200142575,3.4096369151780155e-06
80,0.805,81,0.2482429498320984,0.9943738339341981,0.04970169272685432,0.0035691951847916636,0.06450600234650614,0.12342354554325978,-0.08112618344743042,-0.04569964141834722,0.04304225233920063,0.008170668087204238,0.003055028242708946,0.005147392804595579,-2.149701411568043,0.9920652392174938,1.0970511153857097,0.9996065453997427,0.026863921777161834,0.0079008359871964,-0.0016312239104816423,0.9998698317985146,0.003685659075728486,0.015707812590798287,-0.002836669315991569,0.9985513376306088,-0.05373248015226553,-0.01588309687692715,0.0536809280219651,0.9984318129949079,0.0003182327469049594,0.07601929933603163,5.188951940493311e-05,0.03421148028427995,3.420326310692859e-06
81,0.815,80,0.2553579536702912,0.9117048073470219,-0.2867336335767524,0.0008439447571201507,0.007901301512483477,0.08592820154859925,-0.09816414735402748,-0.03839971327522311,0.05836651777069322,0.002705421885589452,0.0021874732582787357,0.002906404953510706,-1.5927935272711375,0.8431667427241563,1.138190997580597,0.9996182487339225,0.026484923883584997,0.007739856058329501,-0.0014142960097220606,0.9998761887899864,0.0032374911980090036,0.015398887672627258,-0.00241753320370996,0.9985930971473552,-0.052971519355799176,-0.015548717761292645,0.052927733565642704,0.9984772868701541,0.00034796344933943324,0.07583567768454044,5.9675301976657425e-05,0.03422388704321909,4.1242199512706155e-06
82,0.825,81,0.27784734526839666,0.9808057693554928,0.0012608835845143264,0.020198582149076657,0.05259252786122254,0.3295459039610041,-0.10661087988376862,-0.03220897353476072,0.06125330830049018,0.005479475237610107,0.0027758303690822886,0.0014964797025185642,-1.6459558939464898,0.9453441469618952,0.7332739157401451,0.9996304156117942,0.02607268397914811,0.007607573342995998,-0.0011713930792916793,0.9998815053321695,0.0027386200126344935,0.015148440682169128,-0.0019452205901539896,0.9986376859767545,-0.05214391876190996,-0.015270606128456059,0.0521082729268532,0.9985246799559088,0.00036461513683853214,0.07561447759402798,7.554188829150729e-05,0.03423917357736752,4.928752052008688e-06
83,0.835,78,0.2778074949185954,0.9416824162656824,-0.16248614464849667,0.0048593914494510435,0.006408586602433428,0.1133619796918525,-0.12449944165717132,-0.023274206923832787,0.07009890042253554,0.00380626833611634,0.0029684176320879294,0.0026725948609248322,-1.54542601264416,1.1264721799871045,0.6499264753757816,0.9996436750211708,0.025599676781980645,0.007507001309505401,-0.0009080033948712866,0.999885640922348,0.002199713315412152,0.014962163567994149,-0.001431006086911177,0.9986876641569861,-0.05119474272073521,-0.015055141941696732,0.05116747719003788,0.9985766029599944,0.00039032992372568093,0.0753320979572323,9.341264005302505e-05,0.03425611803176229,5.39349564751797e-06
84,0.845,81,0.27006311215114404,0.968761401769032,-0.3069011432193608,0.04653268644213972,0.03446066493054969,0.35883510854893147,-0.13133769608607518,-0.014185418654967044,0.07165213190650269,0.0006553234329642365,0.0029151828218813977,0.0016508441376038155,-1.3332075452185805,0.9209008500483414,0.2382994320351212,0.9996574256079541,0.0250842386943562,0.007444667705534797,-0.0006239541301552659,0.9998883752079952,0.0016209684023485269,0.014852931877372891,-0.000873993115445327,0.998740783300736,-0.0501605812153961,-0.014915537534713466,0.05014200069074609,0.9986307157837575,0.00040594376723811015,0.07499798364313891,0.0001094425336687285,0.034276193158947636,6.783751328341413e-06
85,0.855,80,0.3046851792071076,0.9754915281443767,0.03493508599678095,0.030231231594310976,0.02265796588920424,0.19414036457304262,-0.1458307623806686,-0.008539793323059323,0.07391169133509748,0.006860432490901387,0.0013357191939265289,0.003530300918905346,-1.9305434445397383,0.7088785102256866,0.7616111167914581,0.999671796300172,0.02452113103503717,0.007409463070319364,-0.00033715242782211423,0.9998899723704999,0.0010374603759889338,0.014797527796529078,-0.0003107067166026541,0.9987972009220059,-0.04903116245514104,-0.014830597231974706,0.04902116998128897,0.9986876279795442,0.00043950956156601416,0.07457095583161275,0.00015419767127039906,0.03429928318269878,7.103577929407911e-06
86,0.865,81,0.24769062161943867,0.9727686252574131,-0.4905510865073229,0.011461346634851193,0.01244260352269916,0.12963835949564298,-0.162226391198711,-0.002843362491356059,0.08383790977516602,0.003279732496144077,0.002528939084010167,0.0016825330423718623,-1.5907939728787395,0.8315465973643936,0.6375097459336131,0.9996872281076695,0.02389007952713646,0.007396602500045307,-1.8167217201908884e-05,0.999890579882817,0.00038973391392741006,0.014787710068841622,0.000317087773899385,0.9988585275402786,-0.04776548351487801,-0.014789446133896583,0.04776494601214132,0.9987491087432868,0.00048467936174332595,0.07400149064544792,0.00018601026689476143,0.0343243396792184,8.136345586405899e-06
87,0.875,78,0.3279572139325132,0.9570972683661998,-0.09037043699045476,0.07332067491467838,0.026207105377820717,0.4619506022108789,-0.17128346594672844,0.004764952234770977,0.08411184727003529,0.004229581157655412,0.0016171845740028448,0.0008961039257687098,-1.6478108790788717,0.7089450466176914,0.1842734569299587,0.9997028681147802,0.023218930616352308,0.00741342968677347,0.00031273694193220946,0.9998898865117688,-0.00028102421657735127,0.014836976675581176,0.0009695518546829498,0.9989215669132764,-0.046419426156792024,-0.014807931006157599,0.04642869997010991,0.9988118446426245,0.0004857123669445296,0.07335907565752683,0.00021354219852034133,0.03435210876105516,8.52390996140873e-06
88,0.885,81,0.2850912279069468,1.0176460257488555,-0.4285895358178994,0.022457256831099424,0.024972242968431646,0.19095494687845477,-0.18859136526397294,0.008499758254527005,0.08678628508604536,0.005127465940295612,0.0026075419123907546,0.0006533033206834213,-1.93325587460017,1.0436117286897066,0.0034824219749592794,0.9997189819006035,0.0224958225841038,0.007448287948165515,0.0006466842557857717,0.999888209612229,-0.0009578943231361024,0.014921485077457308,0.0016281157800851023,0.9989870395314757,-0.04496936832049643,-0.014863294300312949,0.04498863508269098,0.9988769219458115,0.0005397320434044762,0.07249824443899397,0.00030061296727925676,0.03438127339024909,9.510017623152412e-06
89,0.895,80,0.26941979213625794,1.0414920792808968,-0.6683086640172468,0.07234680465802547,0.06750617316454495,0.4845813695501804,-0.20221555994033116,0.021462739893806284,0.08416756602163464,0.003046451530867923,0.005209487478760198,0.002020772184421111,-1.7016549825735627,1.0610021767350795,-0.3989495955082642,0.9997358670775008,0.02169499808616961,0.00752005798116164,0.0009858320338289918,0.9998849537263221,-0.001644847999247234,0.015078918620713835,0.002297438573283979,0.9990567103864844,-0.04336370841773483,-0.014993368124365015,0.043393362473951154,0.9989455515720022,0.0005607595730386611,0.0714707266851283,0.0003138266015431218,0.03441464066707731,1.0864866276714067e-05
90,0.905,81,0.3132550586570149,0.9971648908656743,-0.2912406077323731,0.04625373188280487,0.04764025370021437,0.2934676437368575,-0.21581784498514994,0.025475793082288273,0.08040309155791313,0.005466066917537765,0.0012714843188035808,0.0005490702411825042,-2.0037836552863966,0.647661959411219,-0.14833847328194794,0.9997526325202121,0.020850606662272023,0.007630769837861937,0.0013028132646789304,0.999880148058558,-0.0022867696212508478,0.015312093360989027,0.002923194342929202,0.9991271097588252,-0.041671014864170894,-0.015203435573244184,0.04171078073682881,0.9990140471069936,0.0005971421949747601,0.07027992247884389,0.00042106473788594464,0.03445147050029887,1.1877323739225613e-05
91,0.915,76,0.21768552689485365,1.125539412703502,-1.0340777339784248,0.020124964423382758,0.02887716060932858,0.16433930015375006,-0.2342760984249135,0.03182533124438579,0.08179415044912347,0.005358950172360293,0.004292886905010478,0.00046108031679111813,-2.108950594846804,1.2264621406749483,-0.047882031850092835,0.9997695568523981,0.019954357920707294,0.0077494615016948,0.0016132692167901404,0.9998746864177358,-0.0029165238429126683,0.015559734885536839,0.003535065956902908,0.9991984419248129,-0.039874515215944574,-0.015430967880039682,0.03992452308669411,0.9990835388928121,0.0006063951313364365,0.06881256568193635,0.0004501967613163287,0.03449078067979104,1.2493695007627139e-05
92,0.925,81,0.2557466422979739,1.004189629913992,-0.6267213756903912,0.07078104104732193,0.1479528327513684,0.5608641009944154,-0.2495610545026988,0.045099187333087445,0.07963697904831164,0.003296160586582636,0.003360037081889673,0.0016363866784812244,-1.795186542710608,0.6969337684204409,-0.5732934254374534,0.999786392311953,0.01899410906738857,0.007918993945772472,0.001919141337344215,0.9998672128628282,-0.0035366343185802345,0.015907509535322616,0.004138291257420203,0.9992710814345269,-0.03794970822206532,-0.015761700015813614,0.03801049889659136,0.999153026711246,0.0006706195799249306,0.06726635265705543,0.0005158608901436451,0.03453335125424038,1.4140909481467859e-05
93,0.935,79,0.15872123251855252,1.1666951305494855,-1.1289150040255185,0.03091625122945317,0.055859105985968216,0.25477811446698856,-0.26299908310828324,0.04297627153911284,0.07262145564212422,0.005898719417393949,0.002016865711746992,0.00207107734794147,-2.292597282156415,0.7857535830835386,-0.560317663771185,0.9998034301939045,0.017960913319903064,0.008100565660247078,0.002210746751987036,0.9998589868695652,-0.004129637256521581,0.01627736072882135,0.004711611487185105,0.999345036383027,-0.03587894889486364,-0.016118532605682568,0.035950582091754245,0.9992235728573979,0.0006830461225123768,0.0653379877011458,0.0006376077938523954,0.034581082312644264,1.5358262447517316e-05
94,0.945,82,0.09828183300256411,1.204024587829558,-1.4215666318115656,0.04410367950381054,0.1714611058525484,0.6106382159446733,-0.28624261101720144,0.057671244662424063,0.07067189642797268,0.007962762280281753,0.006812581050783222,0.000643502842817825,-2.407380085782878,0.9546240876226364,-0.6305961895530657,0.9998204561389566,0.016846288615203233,0.008312701374253514,0.002481338720218431,0.9998494839080361,-0.00468171008912275,0.01670602045597192,0.005241862755213436,0.9994200910360976,-0.03364527467942292,-0.0165388150630404,0.03372778119058111,0.9992942031115115,0.0007685087175998325,0.06318687255893483,0.0006614605504523707,0.03463248752831321,1.650443105925562e-05
95,0.955,78,0.052212144751507455,1.2502510061975114,-0.9033067016995491,0.05990959500907429,0.1857054738207171,0.39116038153513144,-0.3015171644808093,0.058250256941075024,0.06253191660927516,0.004751695321274952,0.004131953072007043,0.006513483330459027,-2.8106801227359424,-0.0006422422928675439,-1.6381963410618066,0.9998370111825953,0.01565621840887177,0.008563710754102215,0.0027380198518129712,0.9998383322108223,-0.005206996518477331,0.017210364003643237,0.0057432978223038444,0.9994947721448496,-0.03126043802059672,-0.017038895856411995,0.031354228460796385,0.9993630913665076,0.0007614755705592035,0.060856033783005345,0.0007839641246243672,0.03470919175716229,3.4161739918450844e-05
96,0.965,81,-0.07148338598900324,1.5537976952495167,-1.8085820990870012,0.028181500262497376,0.035887818947685536,0.1814219672016448,-0.3312134929809765,0.05766096878573818,0.04446075497098378,0.012799721351480168,0.002851079550765003,0.0030321517936499065,-4.4219428312579145,0.34267798927285675,-1.4450992008571144,0.9998534759137314,0.014393371983969951,0.0087931693450267,0.0029219375472596177,0.9998282849076792,-0.005589892111458722,0.017667874935909305,0.006096145540662764,0.999568586247802,-0.02873113983324606,-0.017499648799782757,0.028833912199920642,0.9994310220316015,0.0008579822071327448,0.05809797765782687,0.0008769710705046433,0.03485582486957095,5.477994987190637e-05
97,0.975,79,-0.16919006768769804,1.5414515721566318,-1.1872413656982133,0.05838299537183021,0.21780892564632529,0.7192812110617207,-0.3722682497809359,0.06373310476944073,0.039410329395561335,0.009224143827104401,0.005102079507879476,0.005866062671070663,-5.190847520097724,-0.8529457074370529,-2.6614187279937433,0.9998703381815178,0.012958376014526724,0.009051977329127053,0.0030739261988853945,0.9998172253683135,-0.005912457404237535,0.018181273449623524,0.0063816531078607335,0.9996452629375799,-0.02585774139532877,-0.018021941083519274,0.02596904183638365,0.9995002843949982,0.0009357253305789163,0.0552539043995122,0.0008899503212956741,0.03506673329204607,8.223989401043493e-05
98,0.985,82,-0.2806135094078708,2.0120970318945615,-1.8427372412838143,0.014784116720849968,0.06980946929779398,0.2923396015684864,-0.4142670533025401,0.04401383746674534,0.0018780553230838856,0.020719094714697902,0.005132004926954636,0.011841119897548841,-7.838307449780535,-1.9475545292729077,-3.035623643097072,0.9998875447130655,0.011369719076789232,0.00926567773515966,0.0031264407719611403,0.9998087451684152,-0.0060414820685244395,0.018600365027997456,0.006462874680143743,0.9997219097124286,-0.022678943798234062,-0.018458178014847785,0.022794818168838285,0.9995697534084461,0.0010663627879433275,0.05193038671082593,0.001103586922417076,0.03546572085736859,0.00015901493400026365
99,0.995,78,-0.35326417354800393,2.0393431979117964,-2.234113638377905,0.10630321682457147,0.1788988878950357,0.363898626696528,-0.4976811689774245,0.03257223230107421,-0.009159648893991823,0.0286344510172674,0.002334046947342493,0.0027914802166466657,-10.140751475911278,-1.961417669112326,-2.7665523774155436,0.9999056931723609,0.00951293548993297,0.009415975439392092,0.0030737967385383773,0.9998037823602698,-0.005967866583178856,0.018888656557404314,0.006326160850897777,0.999800111663949,-0.018966191121139234,-0.018771693237072784,0.01908196229952228,0.9996416869297783,0.001226460888894047,0.04838707256996971,0.0010316615374112528,0.036056592767412264,0.00019652322930338725
