bin_id,phase_center,bin_count,acc_H_x,acc_H_y,acc_H_z,acc_H_std_x,acc_H_std_y,acc_H_std_z,omega_H_x,omega_H_y,omega_H_z,omega_H_std_x,omega_H_std_y,omega_H_std_z,alpha_H_x,alpha_H_y,alpha_H_z,left_foot_z_mean,left_foot_z_std,right_foot_z_mean,right_foot_z_std
0,0.005,81,-0.6203599831660045,2.4137496326484853,-2.393898850049922,0.02440094775572963,0.3027968015773483,0.4843785917324353,-0.5745677026397663,0.011482809540515539,-0.051924958463134066,0.02594513917359033,0.00963686644167393,0.030491297098860646,-12.166551640321988,-3.1989274749090355,-6.767537942270142,0.04477478127121035,0.0012361382657327827,0.03683698353396953,0.00031649695565305624
1,0.015,79,-0.5598927205214133,2.223993321185687,-2.744508081079386,0.07256418480500393,0.4695238502431999,0.6432770038879849,-0.690658018159719,-0.019960274775929935,-0.12755230641508927,0.04156801394733605,0.009288695276649895,0.011271750110736457,-14.506293975422441,-3.728194053575823,-5.247588151586877,0.04064880653002847,0.0012459692883867337,0.0380297815824451,0.00040599013629217916
2,0.025,81,-0.5278098524361686,1.1128308652771146,-1.436766486686172,0.14217731204576,0.28867923881751506,0.31905812730492317,-0.8066684062465254,-0.04816829531669763,-0.1358863688885241,0.027710972279709634,0.007047850429264522,0.007597725943718694,-10.211103889537803,-1.4191432233836303,-1.8249715451851487,0.037040212864283606,0.0009810752325456068,0.039491941314680416,0.000507404568013123
3,0.035,80,-0.8169988260071603,-2.424160449492591,4.905337302496163,0.161677156989113,1.2638509115874206,2.2656103331787545,-0.8540356803923238,-0.04266656635006802,-0.15675185113805165,0.009295578087739821,0.012200794321526546,0.014957608465482084,2.0493260472387447,3.21950590688191,5.771519353706242,0.03417200122372088,0.0007339564000522348,0.041442752088212055,0.0006841647625983286
4,0.045,81,-0.8366299148984901,-4.33375893275529,7.522663876026873,0.6668178425864284,0.13971641478520144,2.6812845326603303,-0.7738791894907054,0.0033437991934129295,-0.04354205922922423,0.04022807534565657,0.012989213747995939,0.05079071738583198,15.029482272012729,10.185950780093588,10.348478382724862,0.0324944486025105,0.0003287370573261039,0.0439534691514037,0.0008461358632266906
5,0.055,79,-1.40381002631604,-3.1494951251239125,2.0606029853511596,0.3951770529757122,0.42422449770900356,0.2030791060977157,-0.6135639640401201,0.12030864613142939,0.008823802985546147,0.04916397788232344,0.04501167172163807,0.033280610719546425,18.95626288453067,11.627495808550027,-2.4008659351616566,0.03195062165968552,8.682250838458258e-05,0.04725420516601855,0.001190631331455051
6,0.065,81,-0.5368905958562872,-2.8649079535802624,2.536249611021864,0.1626291407885993,0.012942760434605818,0.10588626521378935,-0.47057898333821474,0.18938373213021337,-0.08195591419181074,0.03934587136268196,0.006592663194700241,0.01499412698546782,15.673282995438461,3.216341025461708,-5.699718274508898,0.03199279514056593,7.535557248841086e-05,0.0515209902562237,0.0013705941358619416
7,0.075,81,-0.7549960092165521,-2.3742172504193335,0.983693771765861,0.3471899950188892,0.2988535844132646,1.173384623689258,-0.36279143611310477,0.17177010253881672,-0.08237168940659623,0.022983126595529986,0.009584712546255245,0.009611290062357343,9.074600406573301,-4.237473166226884,3.045137820074433,0.032269454941488585,0.00010314358561481284,0.05596396833618461,0.001343115593128075
8,0.085,79,-0.5779538690615976,-2.020557807536098,0.9496881241759307,0.09967177899063565,0.030247555163607543,0.19888140317472808,-0.3253853768330419,0.12158416147058322,-0.033233709070619816,0.005915298635708056,0.021848500674599505,0.021602206709058075,2.899362623706197,-8.41947747063522,8.56771428140456,0.03260495912056562,0.00010185457989130349,0.06048901166047362,0.001360849949472086
9,0.095,80,-0.44753633128442016,-1.8902266127461704,1.0363566259004209,0.12704640099327896,0.06796759902554518,0.6278056408027591,-0.3164016341338056,0.03705846300865322,0.05471173909587673,0.0017375460782944416,0.027991951429420892,0.03002875419131018,1.8900712368201504,-7.029314035614455,6.321913345193087,0.03292039650103947,9.092262019834614e-05,0.06477561878312862,0.0012288795757251236
10,0.105,80,-0.41264728008615004,-0.8930158744027479,-0.07821194280656873,0.13590888816963453,0.2816147766027631,0.14985223309398998,-0.2951442370439195,0.009115136900751936,0.06791690445246958,0.008045801711460781,0.004812106790997288,0.031126867671418555,1.933199633320972,-2.742584735483024,-4.9786801382301125,0.033193014114477434,7.539779162765226e-05,0.06870891260012088,0.001193746194395318
11,0.115,81,-0.1532715857189537,-0.7676892680656304,0.32893232921413373,0.027541613020661007,0.017577937411939065,0.07781421697623862,-0.28547044000067007,-0.00682289275907517,-0.024947143115805065,0.0014674903247845076,0.010373262252605783,0.01950643231499152,0.3979335739855115,-3.438258038219627,-7.569483167333768,0.03341859919131661,6.163344788025447e-05,0.07248274915146521,0.0010780185895296426
12,0.125,79,0.02878685078119568,-0.9950533469178505,0.3397055284055422,0.08251619409359535,0.16955184812202184,0.09410231154644406,-0.2887772998601513,-0.04589699171076209,-0.05319482622487071,0.0027700036623578505,0.010760051448287938,0.009057335666546715,-0.7696410629878421,-4.361162154388274,2.4027442232112675,0.03359857280975659,4.755770189175822e-05,0.0756376626203911,0.0008444948992412108
13,0.135,80,0.10170308599619313,-1.2715707132545222,0.44653234532150654,0.004803054647284968,0.015668583962864528,0.023331473093281187,-0.29778469700847554,-0.07660148722928756,0.01349676445557522,0.0027760225551413473,0.009223622274724102,0.026809703048904454,-1.1366686915305206,-3.8624901772413005,9.226028197175017,0.03373687647196921,3.679426358045087e-05,0.07811436405484781,0.0006710137594032125
14,0.145,80,0.049095035732516855,-1.3252897473008938,0.35458982164968994,0.09989566245003177,0.09701277592670654,0.14605838872300622,-0.30696399892463966,-0.1076968345466229,0.09442162492992956,0.0026151950443400853,0.00949846654486537,0.022065245041175633,0.1978802067483902,-1.9107351225921954,5.519581913171367,0.033841840933034086,2.7401432197734775e-05,0.07996137407068857,0.0004736402731423494
15,0.155,81,0.015897812693196182,-0.9576267780298411,-0.00784781557279043,0.06423850311062673,0.1940130631875882,0.01606006907022998,-0.2946186137005013,-0.10717324919076268,0.10181007506631709,0.007060906723091404,0.005979381562108146,0.023128433380128537,1.7140090263164376,0.38226147897178847,-4.309920180157211,0.033919872662454345,2.0366336284939177e-05,0.08132152764474958,0.00039253875138660864
16,0.165,79,0.101103270039148,-0.8569545426562898,-0.01298197210128795,0.011839021014760516,0.02504596889551616,0.01257655014817178,-0.27953985450357666,-0.10158065088307429,0.025462902047414176,0.00313158803683363,0.001672566500719695,0.017880721304604136,1.5416393835106927,-0.247641788731736,-6.7877664975124326,0.03397796707593651,1.530430586899866e-05,0.08243706159904608,0.0003012660684625671
17,0.175,80,0.15815033107041637,-1.076130054229651,0.11802465957159067,0.02837868195777609,0.14528948257615726,0.11349663513705786,-0.2699523835643302,-0.11113551781047046,-0.006794188893881841,0.0034757522370763424,0.0035661606420718,0.005331859532995003,1.4891919110200518,-1.2506155837618393,0.09638267739174523,0.03402247363714171,1.234252667098785e-05,0.08320393796880056,0.00019784837528793612
18,0.185,80,0.22139459542313694,-1.3230982493358379,0.09535901272223742,0.0068478912776881295,0.02274942797327938,0.06262876429584088,-0.2557127839272558,-0.12159050022326372,0.0270050248856821,0.004672181696578164,0.003281372367045289,0.014635085234548035,1.7975408214499724,-1.4261146141899497,4.977781203443187,0.03405790095934273,9.803515169333226e-06,0.08360852709135591,0.00010717537913540077
19,0.195,82,0.22710845051961487,-1.3973390601649596,-0.09439699239245054,0.01894102222713416,0.10131287055853869,0.0708153430626781,-0.24119173042113065,-0.13395335163750965,0.07285031036120916,0.004069032760036435,0.004246341607331378,0.013139367852882491,2.6197726832710764,-0.02717101939993423,2.962581825229938,0.03408533936194334,7.819629736942859e-06,0.08369335505807654,6.751542521670526e-05
20,0.205,78,0.26219424278053793,-1.14390123925286,-0.12874916773160644,0.015373516782567497,0.15202961035920504,0.05394807681718808,-0.2137964209949186,-0.12202523653366266,0.0744063340893611,0.009667646989696991,0.007557620377951627,0.016360381491911845,3.357242438457912,1.742986647245444,-3.3978221742115107,0.03410502869181342,5.504087933215164e-06,0.08358623725047322,6.837115512675522e-05
21,0.215,81,0.306924615534527,-1.0462728232321405,-0.26833842184161466,0.010278300026076777,0.018310164294024343,0.04330465366350716,-0.18747585140580406,-0.10606556528158255,0.018485155573824987,0.006783864945750826,0.0027571217416053734,0.01339636578969716,3.053348663681744,1.2835772225424342,-4.925177609627311,0.03411878697071967,4.682216418483948e-06,0.08343376868250789,8.04631691410601e-05
22,0.225,79,0.35368670589503476,-1.1849141038082145,-0.10017404974532383,0.021186500244318243,0.07607117457909834,0.18077943154149334,-0.1649428423760107,-0.10148800097298372,-0.004396507664675874,0.008568995327377078,0.0013504842909887486,0.00297916942365362,3.371860410502619,0.4516481527553854,-0.7291564693331591,0.03412952747673898,3.8410267632981615e-06,0.08317891091094479,0.00010582740819485554
23,0.235,82,0.3445896012321281,-1.278778075542679,-0.17507203610188846,0.01157641521371817,0.01137631567536134,0.06962184778211875,-0.13352608483776215,-0.09883919483749638,0.006818652064494441,0.009160145685923805,0.0006009998614307681,0.005424565855905879,3.6778994674207106,-0.06284023450098437,1.914816354261413,0.03413663826803285,3.079684539620031e-06,0.08280760377623457,0.00013489556934453135
24,0.245,79,0.3614577991691357,-1.345282838103001,-0.2700317407440907,0.0707389901756346,0.07525405659918659,0.20110943976916007,-0.10609645089727933,-0.10249344472499947,0.026240554003506732,0.007268947283552818,0.002097521717111632,0.006270117629431745,3.9756704227116613,0.666149380993188,0.9534422316910693,0.034142976588994185,3.37206716894924e-06,0.08234128381029644,0.00015018435479709606
25,0.255,80,0.4587483864133062,-1.1813363778952477,-0.06520183361033136,0.01319061836052237,0.10996119966988427,0.08889522646360971,-0.06991535807437557,-0.08818080474160538,0.02207372777155155,0.012383157737891925,0.008216528927137203,0.011606610573625194,4.341359333744346,2.1812365952598096,-2.5976182113835375,0.03415187480293412,4.6129515210021925e-06,0.08184710429089079,0.00014708024085295082
26,0.265,80,0.47239523559362767,-1.0918811983007868,-0.3051084528753228,0.007815459699777802,0.011012412400249486,0.06455413021051874,-0.036634701557369795,-0.06759365920084251,-0.015321337378629868,0.008249591463029008,0.004678782307566956,0.008229666330835815,3.7238398170551306,2.1008530679117423,-3.2995399892552433,0.034163393322216996,6.299343067207691e-06,0.08137163250873677,0.00014240053630228605
27,0.275,81,0.5364943708942498,-1.127778869191449,-0.015968203435934428,0.03225493581143934,0.03689647950180421,0.28702634666493904,-0.010333921001493478,-0.0545671556550175,-0.030718912056532342,0.009878785895300966,0.004748509132772771,0.00285393906327109,3.828636736217098,1.8068748744518437,-1.2569471684903457,0.03417774478211067,7.099795498835142e-06,0.08088943210530763,0.00014895564999403533
28,0.285,79,0.5400361487510561,-1.1619677089216986,-0.13026111387479652,0.004855217268204999,0.009659790022752973,0.09806302856574135,0.024623486222103773,-0.03868366120961301,-0.0354324920744754,0.009513789906554528,0.0043600168324244145,0.0013211564633582656,3.839293338640629,1.7010889399805054,-0.043003403805710015,0.03419396302658096,7.53919918781574e-06,0.08036637029975494,0.00016072778902451396
29,0.295,77,0.5389687905840136,-1.1785457473391772,-0.27624578120863225,0.051132954663910844,0.029786624075958678,0.29014995440649777,0.05109477241675659,-0.02734973261532941,-0.0314069665174237,0.00647877190686425,0.0029417748374485483,0.0028655046206037273,3.7087494420345926,1.68056378470119,-0.02963002595118055,0.03421201375770032,7.969595197381796e-06,0.07982696726286938,0.00016441261429852149
30,0.305,80,0.6008396195781287,-1.0753292089199458,0.10988446758968336,0.02080141945367189,0.07368168826940295,0.14823383103696347,0.08396347729465725,-0.011794640654393968,-0.03590657248969429,0.012590398230559545,0.006773161394431204,0.0072814647079620905,4.08157629258497,2.195285437094959,-1.8904916153279523,0.03423111976958295,8.485471603285745e-06,0.07927110045429198,0.00018248609716747945
31,0.315,80,0.5774015336469562,-0.9976179636096336,-0.2979315929498593,0.002994112790714241,0.0034706493714006317,0.10568023823257665,0.1163999930981161,0.007774834378189932,-0.06165483236267094,0.007758582357981102,0.005789454953537661,0.006871088080516844,3.5239164151989137,2.275402206306531,-2.561724712405533,0.03425201843288704,9.05546291369864e-06,0.07867936945515483,0.00018594697688456804
32,0.325,82,0.6705032656423303,-1.0277925689794987,0.0653722916455194,0.06543793683984143,0.014971897301853889,0.42311655281933414,0.14034613993783987,0.024611794646510532,-0.07689416788818282,0.009377972190277896,0.005053930768025763,0.003068284889365758,3.5947316725833556,2.0666273939718756,-1.4419909851217652,0.03427637849180346,9.997903533955778e-06,0.07808667105096341,0.00019310947312474583
33,0.335,79,0.6604856202007782,-1.061340397602336,-0.10774602778334118,0.015473024104059768,0.009102645945345196,0.14893829994740715,0.1739156998594498,0.04084087268173994,-0.08472668812461918,0.009177179031604997,0.005236091953785107,0.001957549810609511,3.6450452933434305,2.097164899597765,-0.672301815064327,0.03430493583226894,1.088913857627505e-05,0.07742326568566874,0.00021567261642076155
34,0.345,80,0.6528755510563113,-1.07416242488394,-0.3242847032413893,0.06557882569234474,0.028219413789552027,0.39664291240980104,0.19866686463133476,0.05816643304007477,-0.08765099692921205,0.00597392007919987,0.005570015397461949,0.0006666990106027208,3.286599422531117,2.0127952942387415,-0.5335099413193798,0.03433888401572947,1.3087707995063968e-05,0.07672858686544394,0.00021712852297051533
35,0.355,80,0.7425252861531432,-1.0038723180738074,0.13773458983023912,0.030312508409616686,0.0048734248855326154,0.22027566391921277,0.22650129061994767,0.0730455973895598,-0.09326284718572926,0.010353274185120415,0.004239606806747993,0.0043891031984562776,3.4821001452209033,1.9755850581482455,-1.289670934461415,0.03437871415271483,1.4620354571238656e-05,0.07599236220035883,0.00025320561258819295
36,0.365,82,0.6787393540746804,-1.0123892941960062,-0.4590386810659932,0.009610227663328216,0.005395207017759193,0.14665916101704038,0.2543804669548692,0.0897757939704467,-0.10828573188059469,0.006690173055856328,0.006031811348041489,0.004390399233188,2.928874879649126,2.1821179945262643,-1.582905475971187,0.03442448054569383,1.711262034934637e-05,0.07513844805768569,0.00027402686673652274
37,0.375,78,0.7260794738948679,-0.9481257895606541,-0.0649663098530225,0.04706074869693617,0.06510176830185897,0.48875966172777696,0.2733632886943337,0.10795948530198003,-0.11858933480126825,0.0067873262438551095,0.0038342986834061644,0.0020091444215178202,2.789507728740672,1.7369795118181612,-1.085010131240352,0.03447647507799455,1.855831589458946e-05,0.07427897001047087,0.0002765764251224643
38,0.385,81,0.6769266039979709,-1.0105255077267454,-0.4338043520276637,0.014778273994551186,0.02755133308373161,0.21048381752446135,0.29901259061471996,0.11756746615953728,-0.12564589398044032,0.007562103031752557,0.004141626319710054,0.0022791589573743984,2.867888644341232,1.7146910710935337,-0.7646142047141061,0.034533042178399045,2.0392820424065965e-05,0.07326227485588153,0.0003499631841246079
39,0.395,79,0.6538615621340376,-1.029765472717253,-0.753267243633209,0.026052794586979983,0.110281061890637,0.456080062086451,0.3192495070037934,0.13539454243947657,-0.13082316207669395,0.004774319457278671,0.006736976693690692,0.0007589286243054279,2.4644127651305343,1.61677452240345,-0.47830290735749803,0.034594338613510196,2.1268465991613373e-05,0.07213517445284306,0.0003456533956833977
40,0.405,82,0.6240155031943129,-0.9132256153211705,-0.39565403563240364,0.03793010099149196,0.06383951750836564,0.32820295717099407,0.3384431948568085,0.14343585851799248,-0.1332987404981603,0.007299885226623191,0.0011686790549828585,0.002069155202848055,2.6586393994020954,0.9745709562253776,-0.6734889031419655,0.03465917613778153,2.2570263362412972e-05,0.07088668432922514,0.0004462559453971606
41,0.415,78,0.5511216097699426,-1.063055189347618,-1.2099648627002035,0.01708523308456426,0.03207300373556277,0.17930076301964462,0.3617877373942269,0.15098767773908262,-0.1415989845269654,0.0065433537684824895,0.004743046999993745,0.0025688267106382112,2.638371658372576,1.375991643670974,-0.8099686854534556,0.034726455248566435,2.2690325734411464e-05,0.06936741747437847,0.00047518707676609827
42,0.425,81,0.4646256327514375,-0.8991868719379165,-0.8680947583846341,0.05049371800885024,0.19222954997238262,0.5321002722955746,0.3806571413907697,0.16545172481672807,-0.14625823946541558,0.004734302100310575,0.003726110247904775,0.0013126575018010983,2.4795551801657862,0.5795003033078286,0.25296808567539486,0.03479581810012357,2.4634509376906e-05,0.06777680443846357,0.0005322324305275241
43,0.435,79,0.32685810854932396,-1.1284628097559297,-1.505680659315531,0.02644999429014547,0.074484962690107,0.2720879052013426,0.4014606202768795,0.16025968259200787,-0.13755149515615908,0.00831079809976005,0.0009668432383035686,0.003024375055173075,3.220020727114109,0.2167227021068266,0.781316441241589,0.034877700218106766,2.904400919006427e-05,0.0657980158153449,0.0006638002392971169
44,0.445,82,0.23832869664464315,-1.1840908248621205,-1.7526887229726775,0.078944542406576,0.18310152671638483,0.7577937920296699,0.43217747302459547,0.1689192880504373,-0.13375717640555015,0.01013595646641711,0.0050588595658584345,0.0006057998445532861,3.7256562136505496,-0.020098875155994192,1.1023368371361266,0.03497103684751013,3.20750067783061e-05,0.06354874315404431,0.0007050388168123837
45,0.455,78,0.010893932895184404,-1.3680402924412225,-1.1453683243076507,0.02929172371528276,0.22210294817269965,0.45404531718587043,0.4610711196952883,0.15993810058951197,-0.11991410576198105,0.01104818652053828,0.007824795096979241,0.011034310589045427,5.129878781582695,-1.5437707696276062,3.01140649550774,0.03512519282553759,7.369107275594523e-05,0.061031722842656254,0.000862598090547926
46,0.465,81,-0.028843877016580415,-1.7812282688274532,-2.192854342730029,0.006466948099106368,0.061884105839966876,0.19104946800817707,0.5142555335299186,0.1442189557363956,-0.08557467247742631,0.0206542789789263,0.002215213808186174,0.008505967598280498,7.459597431350388,-1.6105717241541653,3.289211898975382,0.03543826178614283,0.00011984799319525108,0.0579711073075705,0.0009915897872826622
47,0.475,79,-0.2556663646736309,-1.709124211366997,-1.4091398892786924,0.16279643465932742,0.26878353940799715,0.8391887305296196,0.5804246785968945,0.13416895300304532,-0.06728671537837494,0.015809019034046787,0.010325204997079717,0.00854187634140613,8.186067019440538,-3.3658209330092848,4.335223226793087,0.03587895802594606,0.00016718703948761298,0.054720964854030774,0.0010400888686307942
48,0.485,82,-0.35176520971298525,-2.173697674932702,-2.29212188080632,0.025516564449127734,0.07152024422928463,0.371348403043813,0.6452326058409672,0.09036582080824704,-0.016211100848736924,0.029080608543565367,0.013134507786346701,0.015569397483124537,11.104344557986979,-4.96258286226538,4.245472824972436,0.03660011675815164,0.0002787265962265764,0.0508272323669362,0.0013061484091089867
49,0.495,79,-0.4488868486370515,-2.125289648162566,-2.9880025746213628,0.2724664948052995,0.1764112680958179,0.0936049165974681,0.7580941915246862,0.05476762720679923,0.0006408498211840388,0.037889423944788544,0.009108738489082615,0.004405772393487634,12.245071809720836,-5.362917658537949,4.03118426609584,0.037594991059437366,0.00033584575681442513,0.046565660987293755,0.0012680844602464985
50,0.505,80,-0.9776951976266558,-2.28752756362472,-3.513642824701061,0.13472832039271102,0.4495304484377683,0.6812152420927327,0.8411537547965006,0.004559138271639854,0.04828784740879652,0.02245097806112411,0.021351710446023613,0.04042648990940994,9.367153671274414,-6.349248471497108,8.971156375738667,0.038855986744348855,0.00046680906251600837,0.042175424932601686,0.0014498001802592862
51,0.515,79,-0.9774663689050961,-0.5975557700140388,-0.600037475208637,0.1366622848347782,0.38738794431457446,0.7728818734516737,0.9079686502650768,-0.04682034833715452,0.1441793518330027,0.012930379720799884,0.011177803187534951,0.013603263635086042,4.4495405846111185,-5.107538483994243,6.9218966898711916,0.04052562050484716,0.0005738084234114121,0.03770002781699917,0.0012231698041297381
52,0.525,82,-1.2917773276452464,2.448744895428087,3.325025255854487,0.5546260105870725,2.3325956944447674,3.309899067268989,0.9123464041502785,-0.07716147747226804,0.1590381944467356,0.017351037598977544,0.012324009130491332,0.004018647908664513,-8.276855801469418,2.185086374242603,-5.314273973033284,0.04253275255506763,0.0006914069615665265,0.03421788032077412,0.000934955662147177
53,0.535,80,-1.1900549929614859,5.312245226723207,8.215367002378446,0.3203514277573907,0.1523072741972387,0.22633599110672656,0.7755389574415661,-0.01185896634927287,0.05915096826447015,0.057812759594654616,0.019292727846476367,0.05273594641659167,-21.092251962728646,5.824501233339143,-16.24095295926337,0.045007182419397745,0.0008394216901894139,0.03211639032947803,0.0004022477610127691
54,0.545,79,-0.6339138093003874,4.392110795570232,6.987470562704771,0.5241420702887213,0.5270764183991719,2.25060308113831,0.5748703727466201,0.016030542261158253,-0.10081705290147837,0.0608827604340689,0.002158319076920477,0.041438403960395095,-21.30340160710869,5.16156206548127,-11.12435861281878,0.04786471782052813,0.0009288559033138941,0.03145813294635946,0.00012472474037257168
55,0.555,80,-1.058298393221021,2.0009725748178004,2.285052810473275,0.2780494977477614,0.44245671845760765,0.1149279066748072,0.43468453172782706,0.07072602669842745,-0.11883876954063033,0.024136330191558683,0.023529628216590357,0.04231604462326297,-12.611468586322449,5.128688034453033,6.982812382402651,0.05114400080234109,0.0011199299055071712,0.03148568315176638,9.457612544646348e-05
56,0.565,81,-0.566245749548085,1.6773149640726697,2.539035432458386,0.07018125791576249,0.028468141143464253,0.03688346766766985,0.3730868753654609,0.09808955081240678,0.010907945216964041,0.01576737224969393,0.0032684263265384886,0.027983499683167146,-6.698332987351057,0.5143600089232209,11.09250170737185,0.05482669973828164,0.0011276754048047924,0.03180519272521855,0.0001241110051463458
57,0.575,80,-0.6158313653223308,1.5246233228442478,1.1003105354884881,0.10195321497834015,0.0975238983231563,0.9834164491502315,0.32751120393021016,0.07895578684119899,0.05864125777731925,0.011908125622702985,0.0052959957570169695,0.006076196221391763,-4.7487529498549605,-2.1566616994842724,0.3744933986018654,0.05826148668052382,0.001007981026604926,0.03220946375152397,0.00012461967293837518
58,0.585,77,-0.5482318131018609,1.5191699725605912,0.9437799751880835,0.046611640144549535,0.024460677380436203,0.10219311373800119,0.29710682816778156,0.06358296362065842,0.016899839594593888,0.006918953924608094,0.007363375849413499,0.020724941002824085,-3.0550456563202055,-2.841977371635286,-7.104105367320991,0.06142392353469022,0.0009335190660275163,0.03259688716669668,0.0001109421200480055
59,0.595,80,-0.5067087163427095,1.4764327725469333,0.9352138165484754,0.19517120715423883,0.05436020669247175,0.3240979980464058,0.27863047342908687,0.033484148895034406,-0.0550244280998166,0.004760615443074871,0.010706769180786748,0.02221704639550198,-3.8035618855068836,-3.0387045945148974,-5.628915455492158,0.06423843262197948,0.0008100648409212347,0.03293447358956728,9.761115861450079e-05
60,0.605,81,-0.6596460177929154,1.061949162159956,0.2277784756568363,0.13746383109776386,0.19664404179384432,0.049505592720105164,0.23624983799967142,0.014963690108420058,-0.07316280769328064,0.018102302487281764,0.0047164085490905795,0.017422956245760624,-5.4569253918109775,-2.8547198637508098,2.2220929161099123,0.06675301688592382,0.0007702217740051177,0.03321864378090581,7.841240005491001e-05
61,0.615,80,-0.4544175365476776,0.9283232410262567,0.3084497624374113,0.025868825197140462,0.00914807639303523,0.011928517188718327,0.19131966716011123,-0.01219136892497855,-0.019470941442058,0.01062807464840129,0.011568332800942625,0.01136614765332903,-4.472846661305559,-4.021311059060158,4.399928683203862,0.06913230053534522,0.0006772352553405585,0.0334441541748812,6.064021121474722e-05
62,0.625,80,-0.30026326109025814,0.947656151685486,0.2033945233236336,0.08563967641177365,0.02973994679733458,0.04336681055545044,0.16468429141878246,-0.049377286836542474,-0.0027639487620188443,0.005202465555941268,0.008648251811461161,0.0033621214039029103,-2.051761855378814,-3.469657482305805,-0.45640984194444933,0.07110846712258756,0.0005391357266744782,0.033619151737492296,4.7244354781850705e-05
63,0.635,79,-0.17756115467050082,0.9873204043960616,0.13635239542008754,0.02039293895408393,0.009998925122977705,0.04626758749432421,0.1584914774740502,-0.06770588864187142,-0.02677349891316919,0.0005671047962429456,0.005339362383213927,0.010472659854635483,-0.2865823171503065,-2.256153906333164,-3.6549685490276467,0.07267960729109069,0.00042366560405246716,0.03375271053239702,3.560546945351328e-05
64,0.645,81,-0.14349237975000873,1.0047629749168356,-0.01956713335028483,0.05730224298084303,0.09840146797718771,0.0396886458999256,0.16009897434437756,-0.0854757493378731,-0.061243445546461196,0.0011141355706302087,0.0057870836590852995,0.010613914042708214,-1.270907469000061,-1.4929883827644996,-2.3888128338565626,0.07386982752369636,0.00030580433018684343,0.03385480852070511,2.7736176221327034e-05
65,0.655,81,-0.1658120507817769,0.9390376390983919,-0.16472329207914568,0.04898720995271123,0.1145440074440715,0.045519339420406,0.13815695797004923,-0.09159370276610342,-0.06499450425487419,0.011712317373044111,0.001633424275804671,0.01114679721547286,-3.1459800469639836,-0.8576992054604142,2.0545993580615045,0.07476922488774126,0.0002560727256383116,0.033933396289821845,2.058509818531766e-05
66,0.665,79,-0.06525988403479328,0.8473132462862153,-0.2952448738284229,0.018677857367043717,0.005658154984207719,0.042613083098497304,0.10976329359295382,-0.09919893662523972,-0.028369855817477117,0.006432806272888722,0.004011652042095311,0.008268763393105154,-2.7933349209190186,-1.1566937861698057,3.2165235349464183,0.07553233862533826,0.00020104553074575787,0.0339920099953061,1.5459769112396226e-05
67,0.675,80,0.0454579464330894,0.8686232619446826,-0.2679556213168294,0.05743604273253015,0.016518400323954727,0.08980848588079027,0.09346359923534493,-0.11010080334482031,-0.013530127695731486,0.003892450162245595,0.002490514051353296,0.0018567449892852102,-1.5429672349957904,-0.41061778197456783,0.8635346593909983,0.07608241202264561,0.0001377414615964788,0.034037059544609595,1.2230148337532072e-05
68,0.685,80,0.10026053227063667,0.9020846460035046,-0.3030482319090222,0.004951046478172877,0.009881479389640555,0.03986913153302386,0.08507581783302118,-0.10576882113683281,-0.014553301267221144,0.0016993678270966171,0.0016467716833840065,0.0023506820672203467,-0.6497939142443426,0.3887292089333532,-0.835311832035122,0.07645890620465716,9.251201957811057e-05,0.03407158382266931,9.034703052700155e-06
69,0.695,81,0.09627280328859429,0.9816537980940475,-0.36766719593898606,0.05204879013783503,0.11242960681937798,0.1289942028086914,0.08306689660743545,-0.10388113600188666,-0.02689511700829344,0.0003867825331911933,0.0011014300794478646,0.005183421786815469,-1.318502401446194,0.3261356695486396,-0.744693611208763,0.07666875054298652,4.314115868171244e-05,0.03409746312189538,6.847852020885049e-06
70,0.705,79,0.05549522911755068,0.987513356981544,-0.2204938206510143,0.03142919161882689,0.08213116072310626,0.0595387580494121,0.06397977940988207,-0.10055065042405457,-0.026468399046561352,0.009429011383030421,0.0015465345648387153,0.007635319647441415,-2.632853581740691,0.12393240475952992,1.4449889245976144,0.07676161903022688,3.693768321956518e-05,0.034115970993595195,4.40130173615746e-06
71,0.715,80,0.1333675969250837,0.9091462295664952,-0.3846171569305237,0.017271691765073646,0.007087411829895341,0.04949156857155383,0.04094123929958439,-0.10189821752573418,-0.0037752942147316047,0.005276113306263629,0.0018637267762884448,0.004806659118497933,-2.3354435969970253,-0.25949030690425745,1.8873026508641646,0.07683956301989296,2.794696672080542e-05,0.034128524117361336,3.432252745234096e-06
72,0.725,80,0.16435975269135839,0.963498272984876,-0.23484455720120817,0.014700754610922226,0.052303162982807995,0.18577647539,0.02661268185792967,-0.1047024953345227,0.0037284433672652812,0.005030336271021973,0.0028307234162606677,0.0008062708952807848,-1.8345792960611438,0.46754502013441995,0.6244401821575124,0.07684780566278288,2.1839860241251993e-05,0.03413927418348483,3.054321967055499e-06
73,0.735,81,0.21582453835108753,0.9516578926837672,-0.2537901223412658,0.010623170314364229,0.006473482781842705,0.052005023558966086,0.011587970562606091,-0.09441749720358346,0.006215748699788595,0.003343568065927086,0.0029911912487278138,0.0008146351329873535,-1.3263485420255192,1.0672537279591328,-0.2200116762929804,0.07681822981191756,2.1802279144474627e-05,0.034148282817090404,2.5449922894644392e-06
74,0.745,79,0.22152327831076873,0.9766901605428343,-0.32322297458602695,0.04674265429936151,0.08626934342316729,0.1833058273236542,0.005391105185521364,-0.08762643568717657,0.0002082565465775949,0.0007797331253118171,0.0016528237771802558,0.003029813973415047,-1.4714984139037375,0.8447648669476998,-0.1524631067768058,0.07674511287481064,3.6894754183398136e-05,0.034156726986535046,2.5959358489935968e-06
75,0.755,80,0.1680532961666868,0.9823621913586225,-0.0815549000657464,0.024663379336436565,0.0682442744346864,0.08251246220164944,-0.011956004059853712,-0.08090125933242026,0.0037763389913597024,0.008263305202393809,0.0022678350846690822,0.006649106360609398,-2.2030975263795645,0.6304183127716252,1.2893483060014104,0.07663715010698036,3.0389389684967346e-05,0.03416461234619245,2.125267032394661e-06
76,0.765,81,0.22588121579406573,0.9204289021446426,-0.30865958414233685,0.009784772435160311,0.004282117705192978,0.06215931749307967,-0.02985845523655167,-0.07753974268283056,0.020837829442600164,0.003297602253290002,0.001089281165689012,0.0025866510054465006,-1.7513281866479362,0.3593334242243942,1.1271957113194393,0.07655146618475027,2.9852746965454386e-05,0.03417190864232318,2.421513050261093e-06
77,0.775,81,0.2339540690570675,0.9930479814020027,-0.08313542668454031,0.005606641253180285,0.06048685283707369,0.2512499348000668,-0.03997725504622069,-0.07515192454482995,0.02181147037247073,0.005663381758882733,0.003191462920826251,0.0015239704989156177,-1.765292587193755,0.8524589274498967,0.5504913845557506,0.07643702454351035,3.820382751564986e-05,0.03418071034170612,2.7916535520780117e-06
78,0.785,80,0.25841656052294626,0.9526661062638443,-0.1551620699074293,0.005449798150756944,0.006532474387419957,0.0755926217508416,-0.05810313663165175,-0.06390039984363222,0.029645691595492175,0.003806733059190978,0.0031741625180265317,0.00198971515439847,-1.5472588209769051,1.2134246694879978,0.34999274336808683,0.0763176293041602,3.596363863487226e-05,0.03418982418489885,2.8236053143009097e-06
79,0.795,79,0.25939621967652365,0.9827360892577048,-0.25120322713094334,0.012331122141004213,0.08032244542688957,0.2587466365218012,-0.06473339618185117,-0.05573712983302199,0.02741135426636012,0.0006177543830104012,0.0022197781382035193,0.0025932453067656447,-1.5054233536360397,1.042155617684966,0.006647350799728708,0.07618193150600708,4.734921920479385e-05,0.034200123287204655,3.3932639192505145e-06
80,0.805,81,0.241186345505387,0.9919699994263362,0.052073382622036826,0.003977696463612452,0.06559969276987701,0.12099979055403165,-0.08218991028982839,-0.04722590996067276,0.029752049208287834,0.008076420972605546,0.0029148227518322667,0.005015552443471656,-2.11523147700848,0.9793971690263783,1.0860868560751231,0.07601217068925699,5.329127110907959e-05,0.034211457925375645,3.4215182796676277e-06
81,0.815,80,0.2481304899304174,0.9042729244679741,-0.2814147408609326,0.001037726035613624,0.005973978896413815,0.08524639769812124,-0.09857709981398685,-0.040066775128599935,0.04478874396356209,0.0025650590288631464,0.0019489606510126602,0.002903583510341455,-1.5199420330934401,0.8291673430483202,1.1268491161145946,0.07582400197503587,6.038109404475606e-05,0.03422375191513334,4.092926598815083e-06
82,0.825,81,0.2715375029419197,0.9758922495366626,0.007676286081571398,0.020321896180420164,0.05259670282973423,0.3293234545599788,-0.10650898281932343,-0.033959232471899636,0.04778163506612135,0.005413229807901621,0.0025556338730660134,0.0015288497540451717,-1.629570680291818,0.9353415846127963,0.7435947058927628,0.07559973837364398,7.566324019138849e-05,0.034238878173797956,4.862426557825386e-06
83,0.835,78,0.27208904034876397,0.9432449697807689,-0.1555193656281094,0.004581896993302766,0.006732145597425644,0.11299689074409769,-0.12465023069865594,-0.025101309774795195,0.056686259257846296,0.003970423249878888,0.0027971009242201404,0.0026342525675640918,-1.5965600379358864,1.1221578775304486,0.6474256862327694,0.07531649498763515,9.283991139908227e-05,0.034255631225399354,5.338484343904328e-06
84,0.845,81,0.27221028418243615,0.9669245408726348,-0.29780066393899274,0.041342118215848433,0.03396045676304982,0.3567061785853559,-0.13205394342629762,-0.01600470643141246,0.05814044604584566,0.0008181975118937075,0.0029464183198618155,0.001643603093286304,-1.3871300091113006,0.9462615218013712,0.22640783059472286,0.07498280935817987,0.00010843150252165162,0.03427552693678648,6.74059986155583e-06
85,0.855,80,0.3045879108525245,0.9730524719486076,0.04270520348211508,0.03191312403637578,0.02270308196988267,0.19417224855728718,-0.14684431084443675,-0.009961125425973256,0.06030878454736186,0.006922909728231157,0.0013466560107300918,0.003497907498154909,-1.9620632245327865,0.7340849338241975,0.7606645181304763,0.07455743036143038,0.00015244679354840563,0.034298383560578564,7.026720985723866e-06
86,0.865,81,0.24292265494928056,0.9669633893752002,-0.4837819889757173,0.011321532283779344,0.01197768798908111,0.12934536150581918,-0.1634469550188222,-0.004259347490225297,0.07031107833593328,0.003360759313368923,0.002358641745818987,0.0017744684311251037,-1.6161299241808593,0.8119496540855855,0.6625603880938313,0.07398999786123461,0.00018374690140234923,0.03432321220853486,8.006248641307385e-06
87,0.875,78,0.3245821990763244,0.9504360548533097,-0.08498502976161425,0.07420639160890657,0.026490179337117895,0.46109552312502905,-0.1727023896313305,0.0030300690393961125,0.07090975075686316,0.0042620423933884205,0.0014728460410182095,0.0008388247241470388,-1.6621367591252763,0.6761398091814569,0.21024834214577928,0.07335052822256334,0.00021131207185619605,0.034350692584888605,8.400757920383671e-06
88,0.885,81,0.28137039526045027,1.009432769788411,-0.4242144170085435,0.021942704079333627,0.0237243311217475,0.19091869271301995,-0.19004114316482662,0.006558889456678013,0.07367505181026575,0.005147712964821902,0.0025087444898673756,0.0006168421432832555,-1.9361531153718348,1.0136268287577668,0.0214398276735632,0.07249310629519312,0.00029836416057770214,0.034379427374349396,9.316603181188679e-06
89,0.895,80,0.2667359597521871,1.0317265157638482,-0.6637206955241439,0.07348112037229457,0.06745361902918685,0.48457432005670303,-0.20368083947727986,0.01924809829952038,0.07125278799964017,0.0030793412333819745,0.00508580141373769,0.0019299914420028174,-1.701652366011379,1.0384708847542037,-0.3743466580464023,0.07147042800403858,0.00031068288704616016,0.034412000096815026,1.0529745171531258e-05
90,0.905,81,0.3116457605403236,0.986750995768978,-0.2866507542168036,0.046277773555947345,0.046591403416618764,0.2928197420193486,-0.21726758102100868,0.02317442361274527,0.06768550528152331,0.005436835804559399,0.001307879425599488,0.0005338807133104783,-1.9990078432451497,0.6379306696059287,-0.11587880571915353,0.07028330983389441,0.00041708467667822004,0.034448026300986694,1.1418191073122893e-05
91,0.915,76,0.2168845012092051,1.1122109158600377,-1.0288487478081692,0.020052204369047585,0.02843721291825667,0.16447274516861188,-0.23566496496920225,0.02945498901321524,0.06939872710813372,0.005335266537295191,0.004281400411294989,0.0004242158654649843,-2.1008050804990006,1.2160036760939392,-0.00186426510075631,0.06881995425258018,0.0004483992712294666,0.03448655874692624,1.223810475464597e-05
92,0.925,81,0.25624291244806474,0.9913167325939616,-0.6208097409207677,0.07145318214654225,0.14604668086522649,0.5615515157611246,-0.2508804623089927,0.0426304824302483,0.06765567703991121,0.0032692278976794785,0.0033622197693706467,0.0016120632949743342,-1.7811619510449301,0.6864003147892571,-0.5339106587448302,0.06727990776583098,0.0005166936166357377,0.0345282690968163,1.4098300743802611e-05
93,0.935,79,0.15979588284941051,1.1512159947987926,-1.1229272892140771,0.031118126878458646,0.05535509334579888,0.2556713854147123,-0.26416355618592113,0.04043739404984335,0.060856156568216434,0.005872328269416029,0.0020052009499803253,0.0019602821795582136,-2.271108433904354,0.7858271086002514,-0.5154280761653081,0.06535722581312593,0.000638996706103364,0.034575182002216494,1.5342240847310364e-05
94,0.945,82,0.10019135037881706,1.18677173642416,-1.4173982129425837,0.045545642333967,0.1714146465217189,0.6097485783057016,-0.28721819725146236,0.05520371616785232,0.05940882782126628,0.007913300409276647,0.006855457550984646,0.0007367240975546835,-2.3758451512741265,0.9603670204619539,-0.5790796338493277,0.06321046548468885,0.000662008988831556,0.03462586887745397,1.6405055329020546e-05
95,0.955,78,0.05625592575592166,1.2294598088698419,-0.9050011038489983,0.06071771569036666,0.1842182669059373,0.39330397893768615,-0.30217707860630716,0.055803266377234616,0.05159088242662719,0.004667654148023741,0.004091036569436019,0.006450392510902164,-2.763661843231825,0.013973310087020754,-1.5857247572349706,0.0608829147350907,0.000786136153073915,0.03470146450746895,3.38899049288015e-05
96,0.965,81,-0.06941383793765248,1.5330010188995824,-1.8144171169089949,0.028454745278048085,0.036371972843178745,0.1839336718164703,-0.33143678674317156,0.055427289129244654,0.03403723170550675,0.01266288179992713,0.0030383340746529407,0.002944818161648184,-4.3513610531907725,0.37719484390377406,-1.3937830563845395,0.05812619019331755,0.0008808284466110991,0.034845648773691555,5.439736594624603e-05
97,0.975,79,-0.16683446632579133,1.5193948542031053,-1.1967524765910678,0.0582479566443883,0.21958179821381127,0.7223588753704159,-0.3717988554573595,0.061838383879695,0.02929035352447456,0.009079296019471434,0.00518310083080508,0.005884178146821354,-5.104842897157548,-0.8227168052960562,-2.6517237432461696,0.055283780683627874,0.0008946207893880983,0.03505256599085418,8.165616335587571e-05
98,0.985,82,-0.28031945009357434,1.9936273751098277,-1.8524395079827323,0.01584835247951114,0.07119611359103012,0.2933408660278232,-0.41311427309769233,0.042263820244507755,-0.008390348186431956,0.020589780510747193,0.0050951944646843,0.011957755176966059,-7.762146028575476,-1.9134886910675226,-3.035128303952598,0.05195797470068502,0.0011078561377557189,0.035445716695146554,0.00015773838317722946
99,0.995,78,-0.35388749644486633,2.018057962696947,-2.245436028605711,0.10447008719041206,0.1773763798763736,0.36238167738926785,-0.49599319191456714,0.031222564822614637,-0.019271699338767007,0.02857417331276031,0.002244730416602803,0.002931531455774953,-10.090839346379623,-1.9238131689995135,-2.7209131422938815,0.048411608143194576,0.0010364038974656784,0.036029877502787175,0.0001958899479016048
